滨	a
缤	a
濒	a
摈	i
髌	i
傧	i
镔	i
豳	i
斌	o
宾	o
膑	u
邠	u
彬	v
鬓	v
槟	v
殡	v
玢	v
婊	a
骠	a
骉	a
瀌	a
彪	i
幖	i
蔈	i
藨	i
镖	i
镳	i
儦	i
摽	i
俵	i
裱	o
熛	o
瘭	o
膘	u
飚	u
飑	u
鳔	u
脿	u
标	v
髟	v
飙	v
杓	v
表	v
憋	o
别	o
鳖	o
蹩	o
瘪	o
绊	a
阪	a
湴	a
办	a
搬	i
蝂	i
伴	i
钣	i
扳	i
拌	i
扮	i
半	o
昄	o
粄	o
瓣	o
𨭉	o
瘢	o
癍	o
版	u
颁	u
攽	u
般	u
舨	u
班	v
靽	v
坂	v
板	v
斑	v
屏	a
摒	i
蛃	i
病	o
昺	o
炳	o
并	o
冰	o
禀	o
兵	u
饼	u
秉	u
柄	v
丙	v
邴	v
败	a
摆	i
拜	i
伯	i
掰	i
捭	i
佰	i
呗	o
稗	u
白	u
百	v
柏	v
步	i
蔀	i
卜	i
钚	i
堡	i
钸	i
捕	i
补	o
晡	o
卟	o
怖	o
哺	o
部	o
瓿	o
簿	u
布	v
逋	v
醭	v
埠	v
埗	v
埔	v
㘵	v
不	v
避	a
纰	a
陛	a
泌	a
赑	a
婢	a
濞	a
妼	a
妣	a
滗	a
壁	a
嬖	a
沘	a
辟	a
屄	a
襞	a
臂	a
璧	a
弼	a
蔽	i
睥	i
髀	i
畀	i
蓖	i
薜	i
苾	i
荸	i
萆	i
荜	i
铋	i
佖	i
俾	i
必	o
裨	o
邲	o
诐	o
闭	o
跸	o
愎	o
咇	o
弊	o
鄙	o
敝	o
庇	o
哔	o
吡	o
痹	o
庳	o
笔	u
匕	u
狴	u
鲾	u
币	u
鼻	u
贲	u
彼	u
舭	u
秘	u
箅	u
馝	u
篦	u
秕	u
筚	u
毕	v
毙	v
毖	v
比	v
坒	v
逼	v
皕	v
觱	v
碧	v
珌	v
波	a
驳	a
泊	a
渤	a
浡	a
剥	a
擘	a
檗	a
播	i
嶓	i
薄	i
菠	i
蕃	i
钵	i
铂	i
钹	i
镈	i
拨	i
搏	i
跛	o
啵	o
袯	o
踣	o
亳	o
博	u
饽	u
鲌	u
帛	u
魄	u
勃	u
鹁	u
脖	u
舶	u
膊	u
箔	u
馞	u
簸	u
玻	v
僰	v
欂	v
礴	v
桲	v
磻	v
砵	v
边	a
编	a
缏	a
贬	a
𨚕	a
汴	a
弁	a
便	i
蝙	i
苄	i
萹	i
抃	i
遍	o
扁	o
褊	o
昪	o
窆	o
忭	o
煸	o
辩	o
辫	o
变	o
卞	o
辨	o
笾	u
鳊	u
鞭	v
匾	v
砭	v
碥	v
畚	a
苯	i
锛	i
倴	i
笨	u
坌	u
犇	u
奔	v
本	v
栟	v
坋	v
绑	a
浜	a
镑	i
蚌	i
蒡	i
傍	i
搒	i
谤	o
𠳐	o
膀	u
邦	v
榜	v
塝	v
彭	v
棓	v
磅	v
棒	v
帮	v
梆	v
玤	v
绷	a
崩	i
镚	i
迸	o
祊	o
嘣	o
蹦	o
甭	v
堋	v
甏	v
泵	v
琫	v
巴	a
妭	a
灞	a
拔	i
罢	i
岜	i
蚆	i
芭	i
菝	i
茇	i
钯	i
扒	i
把	i
捌	i
吧	o
跋	o
叭	o
粑	o
羓	o
疤	o
八	u
鲅	u
鲃	u
魃	u
爸	u
笆	u
胈	u
霸	v
靶	v
坝	v
朳	v
耙	v
贝	a
陂	a
鐾	a
北	i
蓓	i
倍	i
钡	i
背	i
邶	i
悲	i
辈	i
褙	o
被	o
悖	o
焙	o
糒	o
备	u
惫	u
狈	u
卑	u
鹎	u
孛	u
杯	v
鞴	v
鞁	v
碑	v
椑	v
碚	v
琲	v
孢	a
瀑	a
保	i
葆	i
苞	i
煲	i
抱	i
报	i
龅	i
宝	o
褓	o
暴	o
曝	o
趵	o
爆	o
炮	o
褒	o
包	u
饱	u
勹	u
刨	u
鲍	u
鸨	u
豹	u
胞	u
雹	v
枹	v
翠	a
缞	a
漼	a
淬	a
崔	i
萃	i
催	i
摧	i
啐	o
悴	o
粹	o
瘁	o
衰	o
脆	u
毳	u
璀	v
榱	v
凑	o
腠	u
辏	v
楱	v
测	a
侧	i
恻	o
册	u
策	u
厕	v
栅	v
骖	a
参	a
孱	a
餐	i
黪	i
掺	i
粲	i
惨	o
喰	o
惭	o
灿	o
䅟	u
残	v
蚕	v
璨	v
财	a
蔡	i
睬	i
偲	i
菜	i
踩	o
采	u
猜	u
彩	u
裁	u
材	v
才	v
促	i
蔟	i
蹴	o
粗	o
卒	o
簇	u
猝	u
徂	u
醋	v
酢	v
蹙	v
殂	v
赐	a
泚	a
此	i
伺	i
茨	i
茲	i
茈	i
莿	i
佽	i
雌	i
词	o
祠	o
呲	o
跐	o
慈	o
兹	o
糍	o
鹚	o
差	o
瓷	o
疵	o
次	o
辞	u
刺	v
磁	v
玼	v
搓	i
嵯	i
莝	i
锉	i
错	i
挫	i
撮	i
措	i
鹾	i
痤	o
蹉	o
瘥	o
矬	u
脞	u
酂	u
磋	v
厝	v
瑳	v
涔	a
岑	i
沧	a
仓	i
鸧	i
苍	i
伧	i
藏	i
舱	u
臧	v
层	a
嶒	i
蹭	o
噌	o
曾	o
拆	i
擦	i
嚓	o
礤	v
攒	i
镩	i
撺	i
蹿	o
窜	o
篡	u
爨	u
汆	u
皴	a
忖	o
蹲	o
吋	o
村	v
邨	v
寸	v
存	v
淙	a
骢	a
丛	i
葱	i
苁	i
从	i
悰	o
熜	o
匆	u
囱	u
聪	v
枞	v
琮	v
璁	v
漕	a
屮	a
操	i
螬	i
艹	i
草	i
糙	o
嘈	o
艚	u
肏	u
曹	v
𥕢	v
槽	v
队	a
怼	a
对	a
镦	i
㨃	i
兑	o
祋	o
憝	o
敦	o
追	u
堆	v
㙂	v
碓	v
刁	a
汈	a
屌	a
钓	i
铞	i
铫	i
掉	i
调	o
叼	o
吊	o
窎	o
凋	o
雕	u
鸟	u
鲷	u
貂	u
碉	v
陡	a
绖	a
叠	a
抖	i
蝶	i
蚪	i
螲	i
蔸	i
钭	i
揲	i
佚	i
斗	o
谍	o
读	o
跌	o
昳	o
蹀	o
窦	o
痘	o
咥	o
喋	o
兜	u
鲽	u
牒	u
爹	u
都	u
䏲	u
耋	u
瓞	u
迭	u
篼	u
豆	v
逗	v
堞	v
垤	v
碟	v
楪	v
锝	i
嘚	o
德	u
的	u
得	u
地	v
弹	a
蛋	a
疍	a
淡	a
赕	a
澹	a
担	i
眈	i
萏	i
但	i
掸	i
儋	i
单	o
诞	o
旦	o
惮	o
啖	o
憺	o
郸	o
疸	o
亶	o
瘅	o
丹	u
胆	u
膻	u
氮	u
箪	u
耽	v
聃	v
石	v
殚	v
盯	i
鼎	i
町	i
萣	i
钉	i
锭	i
铤	i
仃	i
订	o
啶	o
定	o
叮	o
疔	o
腚	u
顶	v
丁	v
酊	v
耵	v
碇	v
玎	v
逮	a
绐	a
骀	a
怠	a
迨	a
袋	i
贷	i
代	i
黛	i
岱	i
傣	i
垈	i
呆	o
诒	o
呔	o
待	u
戴	u
带	v
轪	v
棣	v
埭	v
歹	v
殆	v
大	v
玳	v
叇	v
甙	v
渡	a
赌	a
妒	a
渎	a
厾	a
督	i
睹	i
髑	i
黩	i
芏	i
镀	i
度	o
阇	o
嘟	o
独	u
牍	u
肚	u
笃	u
犊	u
毒	v
蠹	v
堵	v
椟	v
杜	v
滴	a
缔	a
翟	a
涤	a
嫡	a
娣	a
媂	a
低	i
迪	i
睇	i
骶	i
䗖	i
蒂	i
荻	i
菂	i
镝	i
俤	i
抵	i
提	i
底	o
谛	o
禘	o
诋	o
踶	o
蹢	o
嘀	o
弟	o
递	o
羝	o
帝	o
遆	o
第	u
狄	u
邸	u
氐	u
籴	u
觌	u
敌	u
笛	u
堤	v
髢	v
鞮	v
坻	v
砥	v
柢	v
碲	v
䃅	v
玓	v
𤧛	v
杕	v
堕	a
驮	a
缍	a
隳	a
隋	a
剟	a
沲	a
铎	i
掇	i
踱	o
咄	o
裰	o
跺	o
惰	o
哆	o
哚	o
亸	o
朵	u
剁	u
饳	u
多	u
躲	u
舵	u
夺	v
垛	v
㙍	v
柁	v
埵	v
殿	a
阽	a
淀	a
滇	a
电	i
典	i
巅	i
佃	i
钿	i
垫	i
掂	i
点	i
店	o
扂	o
踮	o
惦	o
奠	o
癫	o
癜	o
颠	u
甸	u
簟	u
碘	v
坫	v
磹	v
玷	v
靛	v
琔	v
扽	i
凼	a
党	i
蟷	i
荡	i
菪	i
铛	i
当	i
挡	i
裆	o
谠	o
宕	o
筜	u
档	v
𣗋	v
垱	v
砀	v
珰	v
铥	i
丢	u
登	a
澄	a
邓	a
凳	a
瞪	i
嶝	i
镫	i
灯	o
噔	o
蹬	o
戥	o
簦	u
等	u
磴	v
璒	v
妲	a
溚	a
沓	a
打	i
迚	i
荙	i
𨱏	i
搭	i
瘩	o
褡	o
嗒	o
跶	o
怛	o
嗲	o
炟	o
哒	o
答	u
笪	u
达	v
鞑	v
靼	v
垯	v
耷	v
缎	a
锻	i
耑	i
断	o
煅	o
端	o
段	u
簖	u
短	u
椴	v
塅	v
瑖	v
沌	a
钝	i
盹	i
囤	i
吨	o
蹾	o
惇	o
炖	o
盾	u
遁	u
礅	v
趸	v
顿	v
墩	v
砘	v
洞	a
董	i
峒	i
岽	i
侗	i
懂	o
恫	o
咚	o
冻	o
冬	u
胴	u
胨	u
氡	u
东	v
鸫	v
垌	v
硐	v
栋	v
动	v
刀	a
导	a
倒	i
帱	i
捣	i
捯	i
道	o
祷	o
叨	o
蹈	o
悼	o
忉	o
盗	o
岛	u
鱽	u
舠	u
稻	u
氘	u
纛	v
到	v
焘	v
水	a
睡	i
帨	i
谁	o
说	o
税	u
绶	a
收	a
手	i
售	i
授	i
首	o
守	o
兽	o
瘦	o
熟	o
受	u
狩	u
艏	u
寿	v
涉	a
赊	a
滠	a
舍	i
蛇	i
虵	i
摄	i
拾	i
折	i
佘	i
畲	i
畬	i
歙	i
社	o
设	o
慑	o
麝	o
射	u
猞	u
舌	u
奢	v
赦	v
厍	v
奓	v
陕	a
缮	a
骟	a
汕	a
赡	a
姗	a
嬗	a
潸	a
擅	i
蟮	i
山	i
苫	i
芟	i
钐	i
掞	i
善	o
扇	o
讪	o
禅	o
衫	o
闪	o
晱	o
跚	o
煽	o
鄯	o
糁	o
剡	o
疝	o
颤	o
删	u
鳝	u
鳣	u
膳	u
舢	u
珊	v
埏	v
墡	v
杉	v
摔	i
蟀	i
帅	i
率	o
甩	u
晒	o
筛	u
色	u
酾	v
书	a
纾	a
疏	a
陎	a
淑	a
赎	a
恕	a
婌	a
姝	a
属	a
漱	a
沭	a
澍	a
叔	i
署	i
蜀	i
墅	i
竖	i
蔬	i
薯	i
菽	i
倏	i
抒	i
摅	i
舒	i
鄃	i
毹	i
暑	o
曙	o
糬	o
数	o
孰	o
庶	o
塾	o
鼠	u
殳	u
腧	u
黍	u
秫	u
树	v
输	v
束	v
术	v
述	v
梳	v
殊	v
戍	v
枢	v
琡	v
始	a
驶	a
浉	a
湿	a
湜	a
虱	a
尸	a
屎	a
鸤	a
使	i
史	i
似	i
峙	i
畤	i
莳	i
蓍	i
食	i
铈	i
师	i
势	i
誓	i
逝	i
什	i
拭	i
仕	i
侍	i
试	o
诗	o
视	o
识	o
谥	o
祏	o
呞	o
襫	o
匙	o
嘘	o
时	o
是	o
室	o
实	o
恃	o
嗜	o
噬	o
炻	o
市	o
施	o
十	u
狮	u
鲺	u
蚀	u
鲥	u
饰	u
氏	u
鼫	u
释	u
辻	u
弑	u
失	u
适	u
舐	u
矢	u
筮	u
䏡	u
事	v
轼	v
世	v
贳	v
䴓	v
士	v
邿	v
螫	v
埘	v
柿	v
豕	v
殖	v
式	v
示	v
奭	v
栻	v
妁	a
铄	i
蒴	i
搠	i
烁	o
朔	o
槊	o
硕	v
孀	a
骦	a
双	a
泷	a
漺	a
爽	v
霜	v
鹴	v
礵	v
深	a
渗	a
绅	a
沈	a
渖	a
婶	a
娠	a
伸	i
申	i
屾	i
瞫	i
肾	i
莘	i
葚	i
侁	i
审	o
谌	o
谂	o
神	o
诜	o
呻	o
慎	o
燊	o
哂	o
瘆	o
身	u
鲹	u
胂	u
矧	u
甡	u
甚	v
砷	v
蜃	v
椹	v
珅	v
汤	a
绱	a
尚	i
赏	i
裳	i
伤	i
上	i
商	o
晌	o
熵	o
觞	u
墒	v
垧	v
殇	v
刷	a
唰	o
耍	v
圣	a
绳	a
陞	a
渑	a
省	i
嵊	i
晟	o
昇	o
剩	u
胜	u
升	u
甥	u
眚	u
乘	u
牲	u
笙	u
生	u
声	v
盛	v
沙	a
纱	a
鲨	a
裟	a
傻	i
莎	i
铩	i
痧	o
啥	o
唼	o
嗄	o
杀	u
煞	u
刹	u
歃	u
厦	v
霎	v
砂	v
涮	a
拴	i
闩	o
腨	u
栓	v
瞬	i
吮	o
顺	u
舜	u
楯	v
绍	a
邵	a
劭	a
召	a
潲	a
捎	i
蛸	i
苕	i
芍	i
少	i
烧	o
哨	o
韶	o
稍	u
勺	u
艄	u
筲	u
梢	v
柖	v
鞘	v
玿	v
坠	a
缀	a
骓	a
缒	a
锥	i
隹	i
揣	i
惴	o
赘	v
椎	v
覅	v
洲	a
骤	a
绉	a
纣	a
赒	a
妯	a
婤	a
粥	a
帚	a
昼	a
胄	i
荮	i
㑇	i
州	o
诌	o
咒	o
宙	o
啁	o
皱	u
周	u
繇	u
舟	u
鸼	u
肘	u
籀	u
缶	u
否	v
轴	v
辀	v
酎	v
碡	v
浙	a
蔗	i
锗	i
哲	i
摺	i
蛰	i
蜇	i
晢	i
遮	o
褶	o
谪	o
褚	o
啫	o
着	o
鹧	o
䗪	o
戢	o
这	o
者	u
辙	v
辄	v
喆	v
赭	v
磔	v
詟	v
柘	v
泛	a
氾	a
贩	a
范	i
帆	i
幡	i
畈	i
藩	i
蘩	i
钒	i
烦	o
蹯	o
燔	o
饭	u
凡	u
犯	u
翻	u
番	u
返	u
反	u
繁	u
梵	v
墦	v
樊	v
矾	v
璠	v
拽	i
跩	o
转	v
摘	i
择	i
债	i
砦	i
宅	o
窄	o
寨	o
斋	o
瘵	o
祭	u
妇	a
缚	a
绋	a
驸	a
绂	a
附	a
洑	a
赋	a
涪	a
赙	a
浮	a
滏	a
㳇	a
弗	a
艴	a
付	i
幅	i
幞	i
蝮	i
蜉	i
佛	i
蝠	i
罘	i
蚨	i
芙	i
茀	i
䓛	i
苻	i
茯	i
菔	i
莩	i
莆	i
芾	i
黼	i
芣	i
黻	i
俯	i
扶	i
拂	i
拊	i
俘	i
抚	i
伏	i
傅	i
府	o
福	o
袱	o
讣	o
祓	o
咐	o
跗	o
趺	o
富	o
怫	o
宓	o
㕮	o
腐	o
鄜	o
呋	o
呒	o
复	u
负	u
鲋	u
服	u
孵	u
凫	u
鳆	u
匐	u
阜	u
父	u
孚	u
郛	u
斧	u
腑	u
釜	u
腹	u
符	u
氟	u
脯	u
馥	u
稃	u
肤	u
簠	u
副	v
辅	v
辐	v
覆	v
甫	v
敷	v
赴	v
砩	v
桴	v
砆	v
夫	v
榑	v
琈	v
麸	v
韨	v
玞	v
治	a
纸	a
滍	a
织	a
彘	a
陟	a
骘	a
沚	a
汁	a
泜	a
滞	a
咫	a
指	i
置	i
ㄓ	i
帜	i
蜘	i
帙	i
蛭	i
芝	i
芷	i
黹	i
𦭜	i
茋	i
锧	i
铚	i
值	i
贽	i
絷	i
挚	i
掷	i
伎	i
摭	i
执	i
扺	i
鸷	i
止	i
侄	i
只	o
祁	o
祉	o
禔	o
之	o
祗	o
祇	o
趾	o
踯	o
踬	o
跖	o
晊	o
跱	o
窒	o
忮	o
吱	o
痔	o
痣	o
痓	o
庤	o
知	u
旨	u
炙	u
觯	u
直	u
支	u
疐	u
𨙸	u
豸	u
膣	u
质	u
脂	u
卮	u
胝	u
徵	u
肢	u
制	u
稚	u
雉	u
智	u
秩	u
稙	u
至	v
致	v
郅	v
轵	v
轾	v
职	v
郦	v
栉	v
酯	v
志	v
址	v
枳	v
埴	v
枝	v
植	v
榰	v
栀	v
桎	v
梽	v
浊	a
濯	a
缴	a
淖	a
浞	a
叕	a
汋	a
涿	a
捉	i
著	i
茁	i
倬	i
镯	i
䦃	i
拙	i
擢	i
卓	i
桌	i
诼	o
禚	o
躅	o
晫	o
灼	o
焯	o
啄	o
酌	v
棹	v
棁	v
斫	v
琢	v
椓	v
奘	a
撞	i
幢	i
僮	i
状	o
憧	o
壮	o
妆	o
戆	o
装	o
庄	o
桩	v
纷	a
瀵	a
翂	a
汾	a
𣸣	a
份	i
芬	i
蕡	i
棻	i
偾	i
粉	o
愤	o
粪	o
吩	o
氛	u
鲼	u
鼢	u
忿	u
分	u
奋	v
酚	v
坟	v
豮	v
焚	v
棼	v
防	a
纺	a
妨	a
仿	i
蚄	i
芳	i
钫	i
方	o
房	o
访	o
昉	o
邡	o
放	o
彷	u
鲂	u
肪	u
舫	u
牥	u
坊	v
匚	v
枋	v
挝	i
抓	i
爪	u
髽	v
缝	a
赗	a
沨	a
浲	a
沣	a
峰	i
蜂	i
崶	i
葑	i
锋	i
俸	i
酆	i
疯	o
讽	o
烽	o
冯	o
唪	o
凤	u
逢	u
风	u
丰	v
封	v
堼	v
枫	v
砜	v
奉	v
法	a
溠	a
发	a
渣	a
罚	i
眨	i
蚱	i
铡	i
扎	i
挓	i
拃	i
揸	i
伐	i
垡	i
炸	o
诈	o
阀	o
闸	o
哳	o
咤	o
怍	o
咋	o
鲝	o
吒	o
喳	o
痄	o
乏	u
猹	u
鲊	u
齄	u
齇	u
乍	u
筏	u
劄	u
札	v
轧	v
榨	v
查	v
霅	v
砟	v
砝	v
䃎	v
楂	v
珐	v
赚	a
撰	i
颛	i
僎	i
传	i
啭	o
篆	u
馔	u
专	v
砖	v
瑑	v
费	a
沸	a
绯	a
妃	a
淝	a
飞	a
非	i
菲	i
镄	i
斐	i
翡	i
蜚	i
剕	i
棐	i
废	o
诽	o
扉	o
啡	o
悱	o
吠	o
痱	o
肥	u
狒	u
鲱	u
腓	u
朏	u
肺	u
篚	u
匪	v
霏	v
榧	v
终	a
众	i
忠	i
盅	i
蚣	i
中	i
仲	i
茽	i
钟	i
锺	i
衷	o
冢	o
踵	o
忪	o
种	u
螽	u
肿	u
舯	u
重	u
柊	v
沼	a
招	i
罩	i
䓬	i
钊	i
找	i
照	o
诏	o
肇	o
昭	o
曌	o
嘲	o
旐	o
朝	u
兆	u
笊	u
赵	v
癸	a
妫	a
氿	a
姽	a
归	i
贵	i
刿	i
嶲	i
眭	i
傀	i
刽	i
郐	i
跪	o
诡	o
闺	o
炅	o
晷	o
宄	o
炔	o
庋	o
廆	o
鬼	u
龟	u
鲑	u
鳜	u
皈	u
攰	u
簋	u
筀	u
桂	v
轨	v
桧	v
圭	v
邽	v
硅	v
柜	v
匦	v
规	v
瑰	v
珪	v
鬶	v
购	a
缑	a
沟	a
姤	a
媾	a
钩	i
岣	i
苟	i
佝	i
拘	i
诟	o
狗	u
勾	u
雊	u
句	u
够	u
耇	u
篝	u
笱	u
构	v
鞲	v
垢	v
彀	v
枸	v
觏	v
遘	v
隔	a
纥	a
哿	a
滆	a
葛	i
骼	i
蛤	i
虼	i
个	i
铬	i
镉	i
搁	i
搿	i
仡	i
鸽	i
合	i
颌	i
割	o
袼	o
阁	o
咯	o
盖	o
嗝	o
疙	o
胳	u
各	u
舸	u
膈	u
歌	v
戈	v
革	v
哥	v
鬲	v
圪	v
塥	v
格	v
硌	v
敢	a
绀	a
澉	a
淦	a
㽏	a
泔	a
擀	i
苷	i
赣	o
旰	o
疳	o
咁	o
肝	u
鳡	u
乾	u
竿	u
秆	u
感	v
橄	v
甘	v
酐	v
赶	v
坩	v
尴	v
矸	v
杆	v
柑	v
干	v
玕	v
夬	a
拐	i
掴	i
怪	o
乖	u
改	a
溉	a
陔	a
赅	a
戤	a
钙	i
芥	i
荄	i
该	o
晐	o
概	v
丐	v
垓	v
姑	a
孤	a
汩	a
沽	a
瀔	a
固	i
骨	i
蛊	i
崮	i
蛄	i
鹘	i
罟	i
菇	i
菰	i
蓇	i
锢	i
钴	i
估	i
雇	o
诂	o
咕	o
呱	o
羖	o
痼	o
故	u
觚	u
鲴	u
馉	u
谷	u
嘏	u
辜	u
古	u
榖	u
鸪	u
股	u
𦙶	u
箍	u
臌	u
牯	u
牿	u
顾	v
轱	v
贾	v
酤	v
鼓	v
瞽	v
堌	v
毂	v
梏	v
涡	a
国	i
果	i
帼	i
蜾	i
蝈	i
崞	i
锅	i
郭	o
呙	o
馘	o
粿	o
裹	o
猓	u
馃	u
腘	u
虢	u
聒	v
过	v
椁	v
埚	v
潢	a
洸	a
光	i
广	o
咣	o
逛	u
犷	u
胱	u
桄	v
𨐈	v
垙	v
珖	v
艮	a
茛	i
哏	o
跟	o
根	v
亘	v
港	a
纲	a
钢	i
岗	i
刚	i
冈	i
罡	i
扛	i
冮	o
缸	u
肛	u
筻	u
杠	v
㭎	v
堽	v
矼	v
括	i
挂	i
寡	o
褂	o
诖	o
剐	o
刮	u
瓜	u
胍	u
鸹	u
卦	v
坬	v
栝	v
颈	a
绠	a
浭	a
庚	o
羹	o
哽	o
赓	o
鹒	o
鲠	u
耕	v
耿	v
更	v
埂	v
梗	v
尕	a
伽	i
钆	i
尜	i
噶	o
咖	o
嘎	o
旮	u
尬	v
夹	v
戛	v
观	a
贯	a
纶	a
毌	a
灌	a
涫	a
矜	a
鹳	i
莞	i
蒄	i
倌	i
掼	i
官	o
冠	o
祼	o
惯	o
爟	o
关	o
管	u
馆	u
鳏	u
鳤	u
盥	u
罐	u
筦	u
棺	v
瓘	v
琯	v
滚	a
绲	a
给	a
衮	o
鲧	u
棍	v
辊	v
磙	v
弓	a
红	a
供	i
拱	i
宫	o
唝	o
公	u
觥	u
躬	u
肱	u
工	v
功	v
贡	v
汞	v
䢼	v
恭	v
攻	v
巩	v
共	v
龚	v
廾	v
珙	v
栱	v
缟	a
搞	i
藁	i
镐	i
锆	i
糕	o
诰	o
杲	o
羔	o
膏	o
高	o
告	u
睾	u
皋	u
稿	u
郜	u
篙	u
筶	u
槁	v
槔	v
汇	a
绘	a
缋	a
洄	a
浍	a
贿	a
翚	a
回	i
蛔	i
翙	i
睢	i
蟪	i
荟	i
茴	i
蕙	i
辉	i
挥	i
会	i
恢	o
讳	o
喙	o
诲	o
诙	o
袆	o
晦	o
晖	o
悔	o
烩	o
烠	o
麾	o
咴	o
毁	u
卉	u
徽	u
秽	u
灰	v
惠	v
恚	v
虺	v
豗	v
慧	v
彗	v
橞	v
珲	v
候	i
侯	i
骺	i
喉	o
吼	o
鲎	o
糇	o
吽	o
瘊	o
猴	u
鲘	u
齁	u
逅	u
後	u
郈	u
后	u
垕	u
篌	u
厚	v
堠	v
河	a
涸	a
渴	a
翯	a
贺	a
何	i
荷	i
菏	i
盒	i
郃	i
龁	i
龢	i
壑	i
喝	o
鹤	o
褐	o
诃	o
嗬	o
阂	o
曷	o
鹖	o
阖	o
熇	o
呵	o
劾	o
吓	o
禾	u
饸	u
貉	u
盉	u
和	u
核	v
鞨	v
赫	v
翮	v
盍	v
垎	v
汗	a
涵	a
汉	a
函	a
浛	a
瀚	a
憨	a
含	i
蚶	i
崡	i
虷	i
嵅	i
菡	i
蔊	i
颔	i
撼	i
撖	i
捍	i
扞	i
喊	o
罕	o
旱	o
阚	o
晗	o
暵	o
寒	o
㘎	o
悍	o
憾	o
焊	o
焓	o
韩	u
犴	u
鼾	u
翰	u
酣	v
邯	v
垾	v
顸	v
邗	v
琀	v
淮	a
怀	o
踝	o
徊	u
槐	v
坏	v
海	a
骇	a
孩	a
骸	i
害	o
嗨	o
咍	o
咳	o
嗐	o
亥	o
氦	u
胲	u
醢	v
还	v
湖	a
滹	a
沪	a
浒	a
淴	a
嫭	a
弧	a
护	i
蝴	i
囫	i
岵	i
葫	i
芴	i
虎	i
虍	i
户	o
扈	o
戽	o
祜	o
隺	o
许	o
唬	o
昈	o
昒	o
惚	o
怙	o
呼	o
唿	o
糊	o
烀	o
煳	o
冱	o
乎	u
忽	u
鹱	u
鳠	u
斛	u
狐	u
猢	u
鹕	u
胡	u
鹄	u
笏	u
互	v
轷	v
醐	v
壶	v
鄠	v
縠	v
觳	v
槲	v
瓠	v
瑚	v
琥	v
活	a
濩	a
漷	a
彟	a
获	i
夥	i
蠖	i
藿	i
劐	i
伙	i
镬	i
钬	i
锪	i
货	i
攉	i
佸	i
火	o
祸	o
嚄	o
豁	o
㸌	o
嚯	o
霍	v
惑	v
或	v
耠	v
隍	a
滉	a
湟	a
媓	a
荒	i
幌	i
蝗	i
蟥	i
锽	i
𨱑	i
慌	o
谎	o
晃	o
惶	o
恍	o
煌	o
喤	o
肓	o
癀	o
皇	u
凰	u
鳇	u
遑	u
㿠	u
徨	u
艎	u
簧	u
篁	u
磺	v
黄	v
璜	v
瑝	v
恨	o
痕	o
狠	u
很	u
沆	a
绗	a
吭	o
颃	o
航	u
行	u
杭	v
巷	v
夯	v
桁	v
珩	v
滑	a
骅	a
婳	a
化	i
花	i
铧	i
华	i
哗	o
话	o
猾	u
觟	u
划	v
画	v
桦	v
砉	v
姮	a
蘅	i
哼	o
恒	o
亨	o
衡	u
鸻	u
横	v
虾	i
铪	i
哈	o
缓	a
幻	a
缳	a
漶	a
澴	a
欢	a
浣	a
涣	a
嬛	a
洹	a
患	i
圜	i
鹮	i
峘	i
萑	i
荁	i
锾	i
镮	i
擐	i
换	i
唤	o
㬊	o
宦	o
寰	o
逭	o
焕	o
豢	o
痪	o
奂	u
獾	u
郇	u
鲩	u
貆	u
鬟	v
垸	v
环	v
桓	v
𤩽	v
混	a
溷	a
浑	a
婚	a
婫	a
荤	i
黑	i
嘿	o
诨	o
阍	o
惛	o
昏	u
馄	u
魂	v
洪	a
泓	a
纮	a
鸿	a
弘	a
虹	i
薨	i
荭	i
蕻	i
宏	o
讧	o
闳	o
黉	o
烘	o
哄	o
竑	o
訇	u
谼	u
轰	v
翃	v
硔	v
玒	v
浩	a
濠	a
灏	a
淏	a
好	a
蒿	i
蚝	i
薅	i
侴	i
号	o
昊	o
嚆	o
颢	o
嚎	o
嗥	o
毫	o
鄗	o
豪	o
皓	u
皞	u
耗	v
郝	v
壕	v
尽	a
浸	a
津	a
缙	a
浕	a
卺	a
劲	a
赆	a
妗	a
溍	a
金	i
仅	i
巾	i
紧	i
荩	i
今	i
锦	i
搢	i
谨	o
襟	o
祲	o
衿	o
烬	o
噤	o
廑	o
近	u
馑	u
斤	u
筋	u
禁	v
晋	v
觐	v
堇	v
靳	v
墐	v
殣	v
瑾	v
珒	v
槿	v
进	v
琎	v
瑨	v
骄	a
剿	a
糸	a
绞	a
滘	a
娇	a
姣	a
漖	a
湫	a
浇	a
焦	i
蛟	i
峧	i
峤	i
蕉	i
茭	i
藠	i
斠	i
僬	i
艽	i
佼	i
铰	i
鹪	i
搅	i
挢	i
侥	i
交	o
叫	o
跤	o
噍	o
觉	o
窖	o
嚼	o
燋	o
郊	o
䴔	o
教	u
角	u
饺	u
狡	u
鲛	u
皎	u
敫	u
皦	u
皭	u
胶	u
徼	u
脚	u
矫	u
较	v
轿	v
椒	v
醮	v
酵	v
校	v
礁	v
璬	v
姐	a
结	a
阶	a
岊	a
孑	a
婕	a
洁	a
湝	a
届	a
节	i
界	i
蚧	i
骱	i
睫	i
蜐	i
藉	i
价	i
偈	i
介	i
揭	i
接	i
捷	i
拮	i
借	i
竭	o
诫	o
褯	o
诘	o
讦	o
嗟	o
悈	o
羯	o
疥	o
疖	o
喈	o
解	u
桀	u
鲒	u
截	u
劼	u
街	u
秸	u
杰	v
皆	v
劫	v
颉	v
檞	v
碣	v
戒	v
楷	v
㛃	v
玠	v
桔	v
澈	a
尺	a
撤	i
扯	i
㬚	o
彻	u
掣	u
坼	v
车	v
砗	v
缠	a
潺	a
骣	a
澶	a
浐	a
瀍	a
婵	a
羼	a
蝉	i
辿	i
蟾	i
巉	i
蒇	i
铲	i
儳	i
镵	i
镡	i
搀	i
觇	i
谄	o
谗	o
襜	o
阐	o
旵	o
躔	o
忏	o
冁	o
廛	o
产	o
馋	u
刬	v
韂	v
梴	v
泾	a
经	a
阱	a
刭	a
迳	a
婧	a
弪	a
汫	a
警	i
睛	i
敬	i
茎	i
荆	i
儆	i
菁	i
镜	i
竟	o
景	o
晶	o
惊	o
憬	o
精	o
粳	o
京	o
痉	o
竞	o
麖	o
净	o
竫	o
旌	o
靖	o
径	u
鲸	u
胫	u
猄	u
獍	u
鼱	u
兢	u
𠳬	u
箐	u
腈	u
肼	u
静	v
境	v
井	v
靓	v
璥	v
璟	v
䴖	v
绝	a
孓	a
㵐	a
倔	i
崛	i
𨟠	i
矍	i
蕨	i
茝	i
钗	i
傕	i
鐍	i
镢	i
侪	i
掘	i
抉	i
攫	i
撅	i
柴	i
诀	o
谲	o
蹶	o
噱	o
爝	o
噘	o
决	o
獗	u
觖	u
玃	u
爵	u
豺	u
厥	v
虿	v
桷	v
砄	v
劂	v
橛	v
玦	v
珏	v
除	a
绌	a
滁	a
䢺	a
出	a
濋	a
储	i
黜	i
蜍	i
俶	i
锄	i
搐	i
摴	i
初	o
躇	o
蹰	o
怵	o
㤘	o
憷	o
畜	o
处	u
触	u
刍	u
雏	u
矗	u
䝙	u
斶	u
厨	v
础	v
楮	v
杵	v
楚	v
亍	v
樗	v
橱	v
既	a
级	a
纪	a
骥	a
畿	a
继	a
缉	a
绩	a
骑	a
际	a
瀱	a
亟	a
济	a
鸡	a
激	a
汲	a
漈	a
洎	a
嫉	a
妓	a
姞	a
姬	a
己	a
即	a
忌	a
暨	a
屐	a
彐	a
堲	a
技	i
畸	i
觊	i
嵴	i
岌	i
虮	i
羁	i
罽	i
蒺	i
荠	i
蕺	i
蓟	i
芨	i
芰	i
䓫	i
集	i
挤	i
伋	i
掎	i
冀	i
乩	i
佶	i
记	o
计	o
讥	o
唧	o
跻	o
跽	o
蹐	o
寄	o
寂	o
悸	o
哜	o
叽	o
疾	o
剂	o
齑	o
迹	o
咭	o
瘠	o
脊	o
麂	o
鹡	o
几	u
及	u
鲫	u
鱾	u
系	u
急	u
鲚	u
饥	u
觭	u
戟	u
赍	u
肌	u
徛	u
积	u
季	u
稷	u
笈	u
穄	u
籍	u
箕	u
嵇	u
犄	u
稽	u
笄	u
机	v
辑	v
基	v
惎	v
期	v
其	v
棘	v
墼	v
髻	v
吉	v
霁	v
圾	v
垍	v
楫	v
极	v
殛	v
剞	v
丌	v
矶	v
奇	v
击	v
玑	v
枅	v
耤	v
居	a
驹	a
沮	a
澽	a
泃	a
娵	a
剧	a
局	a
屦	a
据	i
具	i
崌	i
雎	i
岨	i
瞿	i
䴗	i
倨	i
岠	i
且	i
俱	i
苴	i
莒	i
蒟	i
菊	i
苣	i
锯	i
锔	i
钜	i
拒	i
掬	i
遽	i
龃	i
举	o
讵	o
裾	o
距	o
踞	o
咀	o
踽	o
惧	o
窭	o
炬	o
焗	o
疽	o
狙	u
飓	u
腒	u
矩	u
犋	u
筥	u
榘	u
秬	u
巨	v
橘	v
椐	v
聚	v
醵	v
鞠	v
鞫	v
榉	v
趄	v
弆	v
砠	v
琚	v
建	a
溅	a
缣	a
缄	a
艰	a
涧	a
湔	a
贱	a
奸	a
渐	a
见	i
健	i
囝	i
睑	i
坚	i
监	i
茧	i
鉴	i
菅	i
蒹	i
荐	i
俭	i
键	i
锏	i
件	i
捡	i
搛	i
尖	i
拣	i
剑	i
僭	i
牮	i
减	o
肩	o
裥	o
谫	o
谏	o
践	o
踺	o
间	o
趼	o
暕	o
謇	o
蹇	o
兼	o
剪	o
翦	o
煎	o
鹣	o
简	u
饯	u
鲣	u
鳒	u
腱	u
舰	u
箭	u
毽	u
犍	u
笕	u
篯	u
笺	u
检	v
楗	v
靬	v
柬	v
枧	v
鞬	v
槛	v
鞯	v
戬	v
歼	v
硷	v
碱	v
戋	v
沉	a
陈	a
尘	i
瞋	i
抻	i
龀	i
晨	o
衬	o
谶	o
忱	o
宸	o
嗔	o
煁	o
疢	o
称	u
臣	v
梣	v
趁	v
榇	v
辰	v
碜	v
琛	v
郴	v
棽	v
娼	a
淌	a
嫦	a
常	i
畅	i
偿	i
菖	i
苌	i
尝	i
倡	i
敞	i
氅	i
伥	i
唱	o
昶	o
昌	o
阊	o
怅	o
惝	o
肠	u
猖	u
鲿	u
鲳	u
鬯	u
徜	u
长	u
场	v
厂	v
玚	v
酒	a
纠	a
旧	i
㠇	i
僦	i
揪	i
韭	i
究	o
阄	o
啾	o
疚	o
鹫	o
就	o
九	u
灸	u
咎	u
久	u
鸠	u
舅	u
臼	u
救	v
鬏	v
赳	v
厩	v
桕	v
玖	v
柩	v
承	a
骋	a
丞	a
澂	a
撑	i
瞠	i
蛏	i
峸	i
铖	i
牚	i
抢	i
偁	i
呈	o
诚	o
裎	o
宬	o
憕	o
逞	o
庱	o
塍	u
惩	u
程	u
秤	u
城	v
橙	v
柽	v
酲	v
埕	v
赪	v
成	v
枨	v
琤	v
珵	v
珹	v
架	a
泇	a
驾	a
嫁	a
迦	a
加	a
袈	a
浃	a
叚	a
假	i
甲	i
岬	i
蛱	i
茄	i
葭	i
荚	i
钾	i
镓	i
铗	i
挟	i
佳	i
家	o
袷	o
跏	o
斝	o
痂	o
瘕	o
胛	u
稼	u
笳	u
枷	v
嘉	v
郏	v
颊	v
珈	v
槚	v
恝	v
绢	a
涓	a
娟	a
捐	i
圈	i
倦	i
隽	i
镌	i
锩	i
眷	o
卷	o
蠲	o
焆	o
鹃	o
桊	o
狷	u
鄄	v
纯	a
骏	a
浚	a
淳	a
君	a
郡	a
俊	i
峻	i
畯	i
蝽	i
菌	i
莼	i
莙	i
葰	i
钧	i
捃	i
军	o
皲	o
晙	o
竣	o
鹑	o
麇	o
鲪	u
䲠	u
朐	u
筠	u
肫	u
䏝	u
春	v
醇	v
均	v
唇	v
蠢	v
珺	v
椿	v
瑃	v
江	a
缰	a
绛	a
降	a
洚	a
疆	a
弜	a
强	a
弶	a
犟	a
蒋	i
茳	i
僵	i
讲	o
姜	o
糨	o
奖	o
浆	o
将	o
桨	o
酱	o
鳉	u
膙	u
匠	v
豇	v
礓	v
耩	v
泂	a
䌹	a
迥	i
冏	i
囧	i
窘	o
扃	o
炯	o
颎	u
䐃	u
坰	v
潮	a
巢	a
绰	a
弨	a
抄	i
钞	i
炒	o
吵	o
晁	o
怊	o
耖	v
超	v
溃	a
骙	a
隗	a
戣	a
葵	i
睽	i
岿	i
蝰	i
蒉	i
揆	i
愧	o
喟	o
暌	o
跬	o
窥	o
愦	o
悝	o
夔	o
煃	o
喹	o
魁	u
馈	u
馗	u
篑	u
奎	v
匮	v
聩	v
逵	v
盔	v
櫆	v
亏	v
扣	i
眍	i
蔻	i
芤	i
抠	i
叩	o
口	o
寇	o
筘	u
缂	a
骒	a
牁	a
溘	a
颗	i
瞌	i
髁	i
蝌	i
岢	i
蚵	i
苛	i
锞	i
钶	i
客	o
课	o
窠	o
喀	o
恪	o
炣	o
刻	o
嗑	o
颏	o
疴	o
科	u
尅	u
克	u
稞	u
氪	u
壳	v
轲	v
棵	v
匼	v
坷	v
可	v
磕	v
柯	v
珂	v
侃	i
瞰	i
崁	i
嵁	i
莰	i
看	i
龛	i
衎	u
堪	v
勘	v
戡	v
坎	v
墈	v
砍	v
磡	v
刊	v
侩	i
蒯	i
㧟	i
哙	o
快	o
筷	u
狯	u
鲙	u
脍	u
块	v
凯	i
剀	i
蒈	i
铠	i
锎	i
锴	i
揩	i
慨	o
闿	o
忾	o
恺	o
炌	o
垲	v
开	v
绔	a
苦	i
骷	i
圐	i
库	o
裤	o
袴	o
窟	o
喾	o
哭	o
酷	v
堀	v
枯	v
刳	v
矻	v
蛞	i
扩	i
阔	o
廓	o
纩	a
贶	a
洭	a
眶	i
旷	o
诳	o
诓	o
邝	o
况	o
哐	o
狂	u
筐	u
框	v
圹	v
矿	v
夼	v
匡	v
恳	a
垦	a
龈	i
肯	i
啃	o
裉	o
硍	v
伉	i
钪	i
抗	i
康	o
闶	o
慷	o
糠	o
炕	o
亢	o
𩾌	u
𡐓	v
姱	a
挎	i
侉	i
跨	o
胯	u
垮	v
夸	v
铿	i
硁	v
坑	v
佧	i
卡	i
咔	o
胩	u
髋	i
宽	o
款	v
捆	i
困	i
锟	i
昆	o
裈	o
阃	o
鹍	o
悃	o
焜	o
堃	o
鲲	u
剋	u
坤	v
髡	v
醌	v
壸	v
琨	v
孔	a
控	i
崆	i
倥	i
空	o
箜	u
恐	v
埪	v
硿	v
尻	a
洘	a
拷	i
铐	i
烤	o
㸆	o
考	u
犒	u
靠	u
栲	v
淋	a
潾	a
临	i
嶙	i
瞵	i
蔺	i
邻	i
拎	i
赁	i
麟	o
躏	o
懔	o
粼	o
翷	o
遴	o
燐	o
凛	o
吝	o
廪	o
啉	o
鳞	u
膦	u
箖	u
琳	v
辚	v
霖	v
檩	v
磷	v
璘	v
林	v
辽	a
缭	a
漻	a
了	a
嫽	a
潦	a
僚	i
瞭	i
髎	i
蓼	i
镣	i
钌	i
撩	i
撂	i
料	o
蹽	o
寥	o
寮	o
憭	o
燎	o
疗	o
廖	o
嘹	o
獠	u
簝	u
尥	v
聊	v
鹩	v
橑	v
漏	a
陋	a
溇	a
洌	a
搂	i
髅	i
蝼	i
嵝	i
䁖	i
蒌	i
镂	i
偻	i
劣	i
捩	i
咧	o
躐	o
喽	o
娄	o
冽	o
瘘	o
猎	u
脟	u
篓	u
列	v
鬣	v
露	v
剅	v
埒	v
楼	v
趔	v
裂	v
烈	v
䴕	v
耧	v
泐	a
仂	i
嘞	o
叻	o
肋	u
饹	u
乐	u
鳓	u
簕	u
勒	v
砳	v
滥	a
缆	a
澜	a
漤	a
蓝	i
岚	i
罱	i
览	i
镧	i
拦	i
揽	i
烂	o
褴	o
谰	o
襕	o
阑	o
懒	o
兰	o
斓	o
篮	u
栏	v
榄	v
婪	v
灵	a
绫	a
陵	a
泠	a
姈	a
澪	a
令	i
岭	i
蛉	i
囹	i
崚	i
菱	i
苓	i
伶	i
铃	i
翎	i
鸰	i
瓴	i
领	i
龄	i
另	o
祾	o
呤	o
昤	o
〇	o
㥄	o
羚	o
凌	o
鲮	u
舲	u
零	v
棂	v
聆	v
柃	v
酃	v
坽	v
玲	v
棱	v
濑	a
涞	a
略	i
睐	i
圙	i
崃	i
莱	i
锊	i
铼	i
掠	i
俫	i
癞	o
籁	u
徕	u
赖	v
赉	v
来	v
梾	v
䂮	v
陆	a
绿	a
渌	a
泸	a
赂	a
勠	a
潞	a
戮	a
漉	a
澛	a
录	a
逯	a
卢	i
僇	i
芦	i
菉	i
蕗	i
镥	i
撸	i
掳	i
虏	i
卤	i
鸬	i
颅	i
炉	o
禄	o
鹭	o
路	o
噜	o
鹿	o
庐	o
六	o
鲁	u
鲈	u
胪	u
舻	u
甪	u
氇	u
箓	u
簏	u
稑	u
辘	v
轳	v
辂	v
栌	v
垆	v
碌	v
橹	v
麓	v
琭	v
璐	v
力	a
蠡	a
缡	a
骊	a
澧	a
浬	a
漓	a
娌	a
浰	a
隶	a
溧	a
沥	a
例	i
罹	i
詈	i
蜊	i
蛎	i
峛	i
里	i
莉	i
荔	i
俚	i
莅	i
蓠	i
藜	i
苈	i
锂	i
俐	i
俪	i
傈	i
立	o
礼	o
戾	o
哩	o
跞	o
唳	o
粒	o
粝	o
离	o
痢	o
呖	o
喱	o
疠	o
凓	o
疬	o
利	u
狸	u
鲤	u
鳢	u
猁	u
鲡	u
梨	u
黎	u
黧	u
篱	u
笠	u
犁	u
篥	u
理	v
李	v
轹	v
朸	v
丽	v
吏	v
醴	v
逦	v
醨	v
鹂	v
栗	v
雳	v
坜	v
历	v
励	v
栎	v
厘	v
砬	v
砾	v
厉	v
㰀	v
砺	v
璃	v
珕	v
枥	v
嫠	v
釐	v
驴	a
骡	a
缕	a
络	a
骆	a
滤	a
漯	a
洛	a
泺	a
屡	a
履	a
罗	i
逻	i
螺	i
萝	i
倮	i
落	i
荦	i
葎	i
蓏	i
侣	i
锣	i
镙	i
铝	i
捋	i
摞	i
虑	i
裸	o
褛	o
啰	o
闾	o
吕	o
烙	o
旅	o
瘰	o
蠃	o
膂	o
律	u
猡	u
雒	u
脶	u
𦝼	u
箩	u
氯	u
稆	u
榈	v
椤	v
垏	v
梠	v
珞	v
练	a
潋	a
濂	a
涟	a
莲	i
蠊	i
莶	i
蔹	i
链	i
镰	i
敛	i
恋	o
裢	o
裣	o
怜	o
帘	o
炼	o
廉	o
脸	u
鲢	u
臁	u
联	v
连	v
殓	v
磏	v
奁	v
琏	v
梿	v
楝	v
瑓	v
浪	a
螂	i
崀	i
莨	i
蒗	i
蓢	i
锒	i
朗	o
郎	o
塱	o
㮾	o
阆	o
㫰	o
啷	o
烺	o
廊	o
狼	u
稂	u
筤	u
琅	v
榔	v
桹	v
埌	v
流	a
绺	a
骝	a
浏	a
鎏	a
鹨	a
瑬	a
溜	a
镏	i
疁	i
罶	i
锍	i
镠	i
熘	o
瘤	o
刘	o
旒	o
留	u
遛	u
馏	u
飗	u
鹠	u
柳	v
硫	v
榴	v
琉	v
珋	v
愣	o
冷	o
楞	v
塄	v
堎	v
邋	a
俩	i
蜡	i
蝲	i
菈	i
镴	i
拉	i
啦	o
旯	o
辣	o
喇	o
瘌	o
腊	u
垃	v
剌	v
鞡	v
滦	a
峦	o
孪	o
娈	o
銮	o
脔	o
挛	o
鸾	o
栾	o
卵	u
乱	u
泪	a
缧	a
沦	a
垒	a
嫘	a
累	i
囵	i
罍	i
伦	i
儡	i
藟	i
蕾	i
镭	i
仑	i
抡	i
擂	i
论	o
诔	o
类	o
羸	o
癗	o
轮	v
酹	v
雷	v
磊	v
礌	v
耒	v
檑	v
梁	a
粱	a
俍	i
倞	i
量	o
良	o
谅	o
晾	o
踉	o
悢	o
粮	o
亮	o
凉	o
魉	u
辆	v
辌	v
两	v
椋	v
墚	v
隆	a
漋	a
陇	a
拢	i
眬	i
茏	i
咙	o
昽	o
窿	o
癃	o
哢	o
笼	u
胧	u
垄	v
垅	v
聋	v
尨	v
龙	v
砻	v
弄	v
栊	v
珑	v
姥	a
涝	a
嫪	a
劳	i
崂	i
荖	i
铑	i
铹	i
捞	i
佬	i
牢	o
唠	o
痨	o
老	u
酪	v
醪	v
栳	v
耢	v
泯	a
缗	a
湣	a
愍	a
民	a
皿	i
岷	i
苠	i
抿	i
闽	o
闵	o
黾	o
旻	o
悯	o
忞	o
敏	u
鳘	u
慜	u
玟	v
碈	v
珉	v
妙	a
淼	a
缪	a
缈	a
渺	a
苗	i
瞄	i
眇	i
藐	i
鹋	i
描	i
庙	o
喵	o
邈	u
秒	u
杪	v
牟	a
乜	a
鍪	a
眸	i
蠛	i
蛑	i
侔	i
蔑	i
谋	o
哞	o
咩	o
篾	u
灭	v
某	v
麽	o
么	u
漫	a
缦	a
满	a
嫚	a
瞒	i
幔	i
螨	i
蔓	i
颟	i
镘	i
慢	o
谩	o
曼	o
熳	o
蛮	o
馒	u
鳗	u
埋	v
鞔	v
鬘	v
墁	v
溟	a
洺	a
命	i
瞑	i
螟	i
茗	i
蓂	i
铭	i
明	o
冥	o
暝	o
鸣	o
名	u
酩	v
买	a
荬	i
唛	o
卖	u
脉	u
迈	v
劢	v
霾	v
売	v
麦	v
母	a
楘	a
姆	a
沐	a
幕	i
睦	i
目	i
墓	i
募	i
慕	i
苜	i
暮	i
钼	i
拇	i
仫	i
亩	o
呣	o
𧿹	o
牧	u
穆	u
毪	u
牡	u
木	v
模	v
坶	v
弥	a
汨	a
洣	a
弭	a
眯	i
蘼	i
芈	i
密	o
谜	o
幂	o
谧	o
祕	o
祢	o
蜜	o
嘧	o
咪	o
迷	o
敉	o
米	o
靡	o
縻	o
糜	o
麋	o
猕	u
觅	u
脒	u
醚	v
醾	v
漠	a
陌	a
没	a
嫫	a
嬷	a
沫	a
莫	i
默	i
冒	i
墨	i
摹	i
蓦	i
蘑	i
藦	i
茉	i
镆	i
抹	i
尛	i
摸	i
魔	o
谟	o
嗼	o
寞	o
磨	o
摩	o
瘼	o
膜	u
馍	u
貘	u
貊	u
秣	u
末	v
万	v
靺	v
殁	v
无	v
耱	v
绵	a
缅	a
娩	a
湎	a
沔	a
眠	i
冕	i
眄	i
偭	i
愐	o
免	u
勉	u
𩾃	u
腼	u
棉	v
丏	v
勔	v
面	v
懑	a
汶	a
扪	i
钔	i
们	i
门	o
闷	o
焖	o
漭	a
茫	i
蟒	i
莽	i
芒	i
盲	o
忙	o
氓	o
邙	o
牤	u
牻	u
硭	v
杧	v
厖	v
谬	o
孟	a
濛	a
勐	a
蒙	i
虻	i
蜢	i
蠓	i
幪	i
㠓	i
萌	i
瞢	i
鹲	i
甍	i
锰	i
盟	o
懵	o
猛	u
獴	u
朦	u
艨	u
艋	u
檬	v
礞	v
梦	v
妈	a
马	a
孖	a
蚂	i
蟆	i
嘛	o
祃	o
吗	o
骂	o
麻	o
犸	u
码	v
杩	v
玛	v
妹	a
湄	a
眉	a
郿	a
鹛	a
渼	a
媒	a
媚	a
浼	a
媄	a
嵋	i
莓	i
镁	i
镅	i
美	o
袂	o
昧	o
寐	o
煤	o
槑	o
魅	u
猸	u
每	u
梅	v
楣	v
酶	v
霉	v
枚	v
玫	v
瑂	v
矛	a
蟊	a
瞀	a
蝥	a
泖	a
帽	i
峁	i
眊	i
茂	i
茅	i
鄚	i
茆	i
芼	i
锚	i
铆	i
袤	o
昴	o
旄	o
贸	u
猫	u
卯	u
貌	u
耄	u
牦	u
毛	u
髦	v
懋	v
楙	v
瑁	v
您	i
尿	a
溺	a
茑	i
嬲	i
袅	u
脲	u
涅	a
陧	a
孽	i
嵲	i
蘖	i
菍	i
糵	i
镊	i
镍	i
捏	i
蹑	o
啮	o
嗫	o
臬	u
聂	v
颞	v
耨	v
那	a
讷	o
哪	o
呢	o
呐	o
婻	a
难	a
男	i
囡	i
蝻	i
萳	i
喃	o
南	u
腩	u
楠	v
赧	v
泞	a
拧	i
佞	i
凝	o
咛	o
甯	o
宁	o
狞	u
柠	v
聍	v
奶	a
鼐	a
乃	a
虐	i
艿	i
萘	i
佴	i
疟	o
氖	u
耐	v
迺	v
奈	v
柰	v
奴	a
努	a
弩	a
驽	a
孥	a
胬	a
怒	a
砮	a
傉	i
笯	u
尼	a
泥	a
𨺙	a
妮	a
拟	i
睨	i
伲	i
薿	i
铌	i
倪	i
你	i
昵	o
怩	o
逆	o
旎	o
麑	o
腻	u
猊	u
疑	u
鲵	u
匿	v
霓	v
坭	v
娜	a
女	a
挪	i
傩	i
𦰡	i
钕	i
锘	i
搦	i
诺	o
喏	o
懦	o
糯	o
衄	u
恧	v
念	i
蔫	i
撵	i
捻	i
拈	i
粘	o
黏	u
鲇	u
年	u
廿	v
辗	v
埝	v
碾	v
辇	v
嫩	a
恁	i
攮	i
囔	o
曩	o
馕	u
齉	u
囊	v
妞	a
纽	a
扭	i
钮	i
拗	i
忸	o
狃	u
牛	u
杻	v
能	a
纳	a
乸	a
拿	i
钠	i
镎	i
捺	i
衲	o
肭	u
雫	v
暖	o
内	i
馁	u
娘	a
酿	v
浓	a
侬	i
农	o
哝	o
脓	u
秾	u
挠	i
蛲	i
铙	i
恼	o
呶	o
闹	o
脑	u
猱	u
峱	u
臑	u
孬	v
垴	v
硇	v
瑙	v
桡	v
姘	a
嫔	a
拼	i
拚	i
频	i
颦	i
品	o
贫	u
牝	u
聘	v
榀	v
玭	v
漂	a
缥	a
嫖	a
瞟	i
螵	i
薸	i
嘌	o
飘	v
瓢	v
剽	v
朴	v
票	v
殍	v
苤	i
抔	i
掊	i
撇	i
瞥	o
剖	o
裒	o
氕	u
垺	v
潘	a
爿	a
泮	a
盼	i
畔	i
蟠	i
判	o
袢	o
襻	o
蹒	o
叛	o
磐	u
胖	u
槃	u
盘	u
攀	v
柈	v
涄	a
洴	a
娉	a
淜	a
萍	i
帡	i
蚲	i
苹	i
俜	i
荓	i
凭	i
瓶	o
评	o
呯	o
乒	u
鲆	u
坪	v
平	v
砯	v
枰	v
玶	v
派	a
湃	a
拍	i
俳	i
蒎	i
排	i
哌	o
牌	u
迫	u
徘	u
簰	u
浦	a
濮	a
潽	a
溥	a
扑	i
圃	i
仆	i
蒲	i
蒱	i
菩	i
葡	i
铺	i
镤	i
镨	i
谱	o
蹼	o
噗	o
普	o
匍	u
氆	u
穙	u
酺	v
墣	v
璞	v
皮	a
澼	a
淠	a
陴	a
阰	a
疋	a
媲	a
劈	a
譬	a
䴙	a
屁	a
甓	a
披	i
僻	i
罴	i
蜱	i
毗	i
蚍	i
芘	i
苉	i
铍	i
擗	i
批	i
仳	i
伾	i
疲	o
噼	o
啤	o
癖	o
庀	o
痞	o
脾	u
鲏	u
狉	u
郫	u
貔	u
匹	v
霹	v
圮	v
埤	v
鼙	v
坯	v
嚭	v
丕	v
邳	v
砒	v
琵	v
枇	v
婆	a
泼	a
颇	a
钋	i
钷	i
䥽	i
攴	i
粕	o
哱	o
皤	u
鄱	u
笸	u
坡	v
酦	v
叵	v
破	v
珀	v
骗	a
骈	a
㛹	a
偏	i
翩	o
谝	o
蹁	o
篇	u
片	u
胼	u
犏	u
楩	v
𡎚	v
湓	a
喷	o
盆	u
滂	a
螃	i
庞	o
旁	o
逄	u
鳑	u
乓	u
雱	v
耪	v
澎	a
泙	a
弸	a
捧	i
蟛	i
蓬	i
芃	i
抨	i
烹	o
怦	o
嘭	o
朋	u
鹏	u
篷	u
膨	u
棚	v
椪	v
砰	v
碰	v
硼	v
潖	a
帕	i
葩	i
啪	o
趴	o
怕	o
爬	u
舥	u
筢	u
琶	v
杷	v
陪	a
辔	a
赔	a
沛	a
佩	i
帔	i
锫	i
裴	i
呸	o
旆	o
胚	u
衃	u
培	v
醅	v
配	v
霈	v
泡	a
抛	i
袍	o
跑	o
咆	o
疱	o
庖	o
狍	u
脬	u
匏	v
沁	a
骎	a
溱	a
侵	i
螓	i
嵚	i
芹	i
芩	i
钦	i
锓	i
衾	i
禽	i
擒	i
揿	i
寝	o
噙	o
吣	o
慬	o
嗪	o
亲	o
秦	v
勤	v
檎	v
覃	v
琴	v
缲	a
瞧	i
峭	i
睄	i
俏	i
荞	i
锹	i
劁	i
侨	i
雀	i
撬	i
悄	o
诮	o
谯	o
跷	o
窍	o
憔	o
愀	o
敲	o
乔	u
巧	v
翘	v
樵	v
鞒	v
橇	v
硚	v
硗	v
桥	v
锲	i
窃	o
怯	o
惬	o
妾	o
箧	u
癿	u
郄	u
切	v
砌	v
挈	v
展	a
绽	a
沾	a
湛	a
战	i
瞻	i
嶦	i
崭	i
蘸	i
搌	i
偡	i
占	i
站	o
谵	o
旃	o
鹯	o
詹	u
飐	u
毡	u
斩	v
栴	v
盏	v
栈	v
清	a
倾	i
蜻	i
黥	i
圊	i
擎	i
苘	i
檠	i
倩	i
情	o
綮	o
请	o
晴	o
庆	o
勍	o
庼	o
凊	o
卿	u
鲭	u
謦	u
氢	u
氰	u
轻	v
顷	v
罄	v
磬	v
碃	v
青	v
蒛	i
阙	o
阕	o
瘸	o
缺	u
确	v
鹊	v
榷	v
却	v
悫	v
埆	v
碏	v
棤	v
注	a
驻	a
纻	a
贮	a
渚	a
潴	a
洙	a
住	i
助	i
瞩	i
蠋	i
蛀	i
蛛	i
苎	i
苧	i
茱	i
铸	i
伫	i
铢	i
拄	i
侏	i
祝	o
诸	o
诛	o
嘱	o
烛	o
炷	o
麈	o
疰	o
瘃	o
主	o
朱	u
猪	u
橥	u
煮	u
翥	u
舳	u
竹	u
邾	u
箸	u
筑	u
竺	u
逐	v
杼	v
柱	v
槠	v
柷	v
株	v
砫	v
珠	v
汽	a
呇	a
绮	a
骐	a
泣	a
汔	a
婍	a
漆	a
沏	a
淇	a
柒	a
企	i
岂	i
屺	i
蛴	i
俟	i
岐	i
崎	i
蜞	i
畦	i
芪	i
芑	i
葺	i
蕲	i
萋	i
萁	i
锜	i
歧	i
齐	o
启	o
祈	o
讫	o
祺	o
棨	o
蹊	o
跂	o
踦	o
器	o
愭	o
弃	o
旗	o
嘁	o
凄	o
麒	o
气	u
鳍	u
鲯	u
脐	u
耆	u
颀	u
迄	u
乞	u
憩	u
七	v
郪	v
妻	v
杞	v
綦	v
桤	v
欺	v
碁	v
圻	v
起	v
埼	v
戚	v
欹	v
磜	v
碛	v
碶	v
棋	v
玘	v
栖	v
槭	v
亓	v
琦	v
琪	v
契	v
屈	a
驱	a
灈	a
渠	a
曲	i
黢	i
蛆	i
蛐	i
蠼	i
氍	i
岖	i
蕖	i
蘧	i
龋	i
觑	i
祛	o
诎	o
袪	o
阒	o
焌	o
癯	o
竘	o
躯	u
劬	u
鸲	u
鼩	u
衢	u
胠	u
取	v
娶	v
麴	v
趣	v
去	v
坥	v
趋	v
磲	v
区	v
璩	v
㭕	v
麹	v
潜	a
纤	a
缱	a
阡	a
浅	a
汧	a
钱	i
遣	i
黔	i
嵌	i
岍	i
茜	i
荨	i
伣	i
蒨	i
芡	i
芊	i
铅	i
钤	i
钎	i
钳	i
仟	i
掮	i
扦	i
虔	i
佥	i
谦	o
谴	o
骞	o
悭	o
搴	o
褰	o
慊	o
歉	o
前	o
千	u
欠	u
鹐	u
愆	u
肷	u
签	u
箝	u
迁	u
牵	v
堑	v
椠	v
圲	v
墘	v
杄	v
阵	a
缜	a
纼	a
浈	a
赈	a
镇	i
帧	i
畛	i
侦	i
蓁	i
葴	i
针	i
振	i
揕	i
贞	i
诊	o
祯	o
袗	o
鸩	o
禛	o
昣	o
疹	o
朕	u
胗	u
真	u
箴	u
稹	u
震	v
臻	v
轸	v
斟	v
鬒	v
甄	v
桢	v
枕	v
圳	v
砧	v
珍	v
榛	v
瑧	v
涨	a
障	a
账	a
漳	a
嫜	a
张	a
掌	i
帐	i
嶂	i
幛	i
蟑	i
仉	i
仗	i
章	o
暲	o
彰	o
鄣	o
瘴	o
胀	u
獐	u
丈	v
樟	v
杖	v
璋	v
泅	a
巯	a
赇	a
囚	i
蚯	i
虬	i
蝤	i
萩	i
𨱇	i
仇	i
俅	i
酋	o
遒	o
糗	o
秋	u
鳅	u
訄	u
犰	u
丘	u
邱	u
鼽	u
鹙	u
球	v
裘	v
逑	v
鞧	v
求	v
楸	v
璆	v
烝	a
挣	i
睁	i
峥	i
蒸	i
铮	i
钲	i
拯	i
证	o
诤	o
怔	o
郑	o
症	o
争	u
狰	u
征	u
筝	u
整	v
政	v
正	v
洽	a
髂	i
葜	i
掐	i
拤	i
恰	o
劝	a
绻	a
婘	a
蜷	i
畎	i
荃	i
颧	i
佺	i
铨	i
全	i
券	o
诠	o
悛	o
拳	o
痊	o
泉	u
鳈	u
筌	u
权	v
辁	v
醛	v
鬈	v
棬	v
犬	v
瑔	v
逡	a
群	a
囷	i
准	o
裙	o
谆	o
窀	o
衠	u
屯	v
戕	a
嫱	a
蜣	i
戗	i
蔷	i
蔃	i
锵	i
镪	i
锖	i
呛	o
襁	o
跄	o
羌	o
羟	o
炝	o
腔	u
枪	v
墙	v
樯	v
玱	v
茕	i
䓖	i
穹	o
穷	o
筇	u
琼	v
邛	v
蛩	v
銎	v
跫	v
汭	a
锐	i
蚋	i
蕊	i
芮	i
蕤	i
睿	i
叡	i
枘	v
瑞	v
柔	a
揉	i
肉	i
蹂	o
宍	o
糅	o
鞣	v
惹	i
热	i
染	a
冉	i
蚺	i
䎃	i
苒	i
燃	o
然	u
髯	v
汝	a
缛	a
洳	a
𦈡	a
孺	a
嬬	a
如	a
濡	a
溽	a
儒	i
蠕	i
茹	i
薷	i
蓐	i
铷	i
褥	o
襦	o
嚅	o
入	u
乳	u
辱	v
颥	v
驲	a
䒤	i
日	o
弱	a
婼	a
偌	i
鄀	i
蒻	i
爇	i
若	i
挼	i
箬	u
忍	a
纫	a
纴	a
刃	a
妊	a
仁	i
仞	i
人	i
荏	i
任	i
认	o
衽	o
讱	o
壬	u
饪	u
稔	u
韧	v
轫	v
瀼	a
攘	i
蘘	i
儴	i
嚷	o
禳	o
让	o
瓤	o
穰	u
壤	v
扔	i
仍	i
礽	o
阮	a
媆	a
朊	u
堧	v
软	v
瓀	v
润	a
闰	o
溶	a
绒	a
荣	i
嵘	i
蝾	i
蓉	i
茸	i
镕	i
熔	o
冗	o
容	o
肜	u
狨	u
融	v
榕	v
戎	v
瑢	v
娆	a
绕	a
扰	i
荛	i
饶	u
绥	a
隧	a
濉	a
祟	a
随	a
岁	i
髓	i
荽	i
虽	o
谇	o
襚	o
邃	o
遂	o
燧	o
旞	o
穗	u
穟	u
碎	v
璲	v
溲	a
薮	i
瞍	i
螋	i
蒐	i
锼	i
擞	i
搜	i
嗖	o
嗾	o
嗽	o
廋	o
馊	u
飕	u
叟	u
艘	u
涩	a
㴔	a
洓	a
铯	i
塞	o
啬	u
穑	u
瑟	v
璱	v
叁	a
毵	a
潵	a
伞	i
馓	u
散	v
三	v
思	i
噻	o
赛	o
腮	u
鳃	u
肃	a
骕	a
溯	a
涑	a
鹔	a
俗	i
蔌	i
苏	i
僳	i
傃	i
诉	o
谡	o
蹜	o
宿	o
窣	o
愫	o
塑	o
嗉	o
稣	u
夙	u
觫	u
簌	u
速	v
粟	v
酥	v
甦	v
素	v
司	a
丝	a
驷	a
缌	a
涘	a
鸶	a
汜	a
泗	a
厶	a
姒	a
巳	a
澌	a
㟃	i
蛳	i
兕	i
四	i
锶	i
撕	i
嗣	o
祀	o
咝	o
嘶	o
凘	o
私	u
饲	u
飔	u
虒	u
笥	u
死	v
斯	v
肆	v
楒	v
寺	v
厮	v
耜	v
缩	a
娑	a
挲	a
溹	a
锁	i
睃	i
蓑	i
些	i
嗦	o
唆	o
唢	o
嗍	o
羧	o
索	u
所	u
梭	v
桫	v
琐	v
森	v
颡	a
桑	a
搡	i
嗓	o
丧	u
磉	v
僧	i
洒	a
萨	i
撒	i
仨	i
飒	o
脎	u
卅	v
靸	v
蒜	i
狻	u
算	u
酸	v
孙	a
损	i
荪	i
隼	i
笋	u
狲	u
飧	u
榫	v
飱	v
淞	a
娀	a
耸	i
嵩	i
崧	i
怂	i
菘	i
㧐	i
宋	o
诵	o
讼	o
悚	o
送	o
竦	o
凇	o
颂	u
松	v
骚	a
缫	a
溞	a
嫂	a
搔	i
扫	i
燥	o
瘙	o
臊	u
鳋	u
埽	v
退	a
蜕	i
推	i
褪	o
煺	o
腿	u
魋	u
颓	u
忒	v
迢	a
粜	a
嬥	a
挑	i
眺	i
蜩	i
佻	i
龆	i
祧	o
跳	o
窕	o
笤	u
鲦	u
条	u
朓	u
髫	v
贴	a
偷	i
帖	i
骰	i
萜	i
铁	i
投	i
头	o
透	u
餮	v
铽	i
特	u
忑	v
慝	v
滩	a
潭	a
探	i
炭	i
菼	i
贪	i
怹	i
钽	i
倓	i
锬	i
摊	i
忐	i
叹	o
谭	o
袒	o
谈	o
昙	o
啴	o
惔	o
郯	o
痰	o
瘫	o
毯	u
坦	v
坛	v
坍	v
檀	v
碳	v
榃	v
璮	v
汀	a
渟	a
婷	a
停	i
蜓	i
䗴	i
葶	i
莛	i
挺	i
侹	i
庭	o
烃	o
烶	o
听	o
亭	o
艇	u
廷	u
颋	u
厅	v
霆	v
圢	v
桯	v
梃	v
珽	v
台	a
邰	a
炱	a
汰	a
抬	i
苔	i
薹	i
钛	i
跆	o
胎	u
鲐	u
肽	u
态	v
酞	v
太	v
泰	v
涂	a
屠	a
途	i
图	i
荼	i
葖	i
菟	i
钍	i
凸	i
吐	o
突	o
徒	u
兔	u
腯	u
秃	u
稌	u
土	v
酴	v
梌	v
堍	v
㻬	v
涕	a
缇	a
绨	a
媞	a
屉	a
荑	i
锑	i
倜	i
擿	i
体	i
题	o
裼	o
踢	o
剔	o
蹄	o
啼	o
惕	o
悌	o
剃	o
嚏	o
鹈	o
逖	u
鳀	u
䴘	u
替	v
醍	v
梯	v
趯	v
瑅	v
驼	a
陀	a
沱	a
拖	i
萚	i
铊	i
佗	i
侂	i
拓	i
托	i
唾	o
跎	o
跅	o
鼍	o
庹	o
脱	u
鸵	u
妥	u
乇	u
箨	u
椭	v
橐	v
酡	v
坨	v
砣	v
柝	v
添	a
沺	a
淟	a
湉	a
田	i
畋	i
觍	i
黇	i
掭	i
恬	o
阗	o
晪	o
畑	o
甜	u
腆	u
舔	u
填	v
殄	v
忝	v
瑱	v
兲	v
天	v
烫	a
溏	a
帑	a
堂	i
螳	i
螗	i
倘	i
傥	i
棠	i
铴	i
䣘	i
镗	i
镋	i
搪	i
糖	o
嘡	o
蹚	o
羰	o
鄌	o
唐	o
躺	u
饧	u
膛	u
塘	v
醣	v
樘	v
趟	v
瑭	v
耥	v
藤	i
疼	o
誊	o
熥	o
滕	u
螣	u
䲢	u
縢	u
腾	u
溻	a
她	a
挞	i
他	i
它	o
祂	o
褟	o
踏	o
蹋	o
遢	o
阘	o
趿	o
闼	o
獭	u
鳎	u
塔	v
鞳	v
榙	v
塌	v
榻	v
湍	a
彖	a
抟	i
疃	i
圕	i
团	i
煓	o
猯	u
臀	a
氽	i
暾	o
忳	o
焞	o
豚	u
饨	u
鲀	u
坉	v
吞	v
通	a
统	a
潼	a
㛚	a
铜	i
瞳	i
峂	i
同	i
茼	i
捅	i
佟	i
仝	i
痛	o
嗵	o
哃	o
曈	o
恸	o
烔	o
童	o
𦒍	o
筒	u
彤	u
鲖	u
穜	u
桶	v
桐	v
酮	v
橦	v
砼	v
淘	a
绦	a
绹	a
陶	a
滔	a
洮	a
涛	a
弢	a
掏	i
萄	i
讨	o
慆	o
啕	o
饕	o
逃	u
鼗	u
套	v
桃	v
韬	v
梼	v
陲	a
锤	i
捶	i
倕	i
炊	o
吹	o
垂	u
槌	v
棰	v
丑	a
绸	a
瞅	i
畴	i
雠	i
犨	i
抽	i
俦	i
踌	o
惆	o
瘳	o
愁	u
臭	u
筹	u
稠	u
酬	v
椆	v
湾	a
绾	a
纨	a
涴	a
婉	a
婠	a
妧	a
挽	i
蜿	i
畹	i
芄	i
菀	i
晚	o
宛	o
剜	o
惋	o
完	o
烷	o
弯	o
丸	u
皖	u
腕	u
脘	u
豌	v
塆	v
椀	v
碗	v
玩	v
琬	v
顽	v
搋	i
踹	o
啜	o
嘬	o
膪	u
崴	i
外	u
歪	v
屋	a
毋	a
阢	a
骛	a
婺	a
鹜	a
妩	a
鋈	a
污	a
浯	a
洿	a
𣲘	a
伍	i
蜈	i
屼	i
峿	i
芜	i
钨	i
铻	i
侮	i
捂	i
仵	i
误	o
诬	o
喔	o
晤	o
旿	o
悟	o
寤	o
忤	o
怃	o
呜	o
焐	o
吴	o
亡	o
唔	o
於	o
庑	o
痦	o
物	u
务	u
乌	u
邬	u
勿	u
鼯	u
舞	u
迕	u
午	u
牾	u
五	v
吾	v
郚	v
巫	v
恶	v
鹀	v
靰	v
雾	v
坞	v
圬	v
兀	v
戊	v
武	v
梧	v
鹉	v
杌	v
珸	v
珷	v
迟	a
池	a
驰	a
蚩	a
媸	a
弛	a
持	i
螭	i
眙	i
眵	i
茌	i
侈	i
傺	i
摛	i
齿	i
痴	o
嗤	o
褫	o
踟	o
叱	o
炽	o
吃	o
哧	o
啻	o
瘛	o
斥	u
饬	u
鸱	u
魑	u
翅	u
瓻	u
彳	u
胣	u
笞	u
篪	u
赤	v
耻	v
敕	v
豉	v
墀	v
漦	v
沃	a
渥	a
戳	a
倭	i
蜗	i
幄	i
偓	i
莴	i
握	i
龌	i
龊	i
逴	i
窝	o
踔	o
踒	o
惙	o
斡	u
肟	u
我	u
卧	v
辍	v
硪	v
创	i
窗	o
闯	o
怆	o
噇	o
疮	o
床	o
温	a
纹	a
蚊	i
芠	i
文	o
闻	o
问	o
阌	o
吻	o
炆	o
紊	o
瘟	o
稳	u
刎	u
鳁	u
璺	u
雯	v
辒	v
榅	v
韫	v
汪	a
网	i
罔	i
忘	o
旺	o
惘	o
妄	o
望	o
往	u
魍	u
王	v
辋	v
尪	v
枉	v
欻	o
歘	o
滃	a
蓊	i
蕹	i
嗡	o
瓮	u
鹟	u
翁	u
娃	a
汊	a
叉	a
娲	a
姹	a
洼	a
插	i
蛙	i
凹	i
畖	i
嵖	i
茶	i
茬	i
锸	i
镲	i
侘	i
挖	i
搽	i
佤	i
察	o
袜	o
衩	o
诧	o
蹅	o
窊	o
𥻗	o
哇	o
馇	u
詧	u
岔	u
腽	u
瓦	v
邷	v
杈	v
檫	v
垞	v
槎	v
碴	v
巛	a
串	i
圌	i
遄	i
钏	i
喘	o
穿	o
船	u
舛	u
川	u
舡	u
氚	u
椽	v
堾	v
维	a
纬	a
潍	a
卫	a
渭	a
溦	a
涠	a
隈	a
沩	a
娓	a
洈	a
尾	a
螱	a
慰	a
洧	a
尉	a
𣲗	a
位	i
围	i
帷	i
遗	i
胃	i
峗	i
嵬	i
巍	i
畏	i
囗	i
帏	i
萎	i
偎	i
蔚	i
薇	i
苇	i
葳	i
伪	i
㧑	i
伟	i
味	o
谓	o
诿	o
唯	o
喂	o
闱	o
韪	o
惟	o
煨	o
为	o
煟	o
炜	o
痿	o
亹	o
委	u
危	u
鳚	u
猥	u
猬	u
鳂	u
鲔	u
微	u
艉	u
魏	u
逶	u
未	v
軎	v
霨	v
圩	v
威	v
桅	v
硙	v
碨	v
硊	v
违	v
韦	v
琟	v
玮	v
涌	a
漴	a
翀	a
㳘	a
虫	i
崇	i
茺	i
铳	i
摏	i
充	o
宠	o
忡	o
冲	o
艟	u
舂	v
埫	v
珫	v
信	i
薪	i
芯	i
锌	i
伈	i
鑫	i
心	o
昕	o
忻	o
炘	o
辛	o
歆	o
新	o
欣	u
衅	u
囟	u
馨	v
消	a
骁	a
绡	a
潇	a
洨	a
淆	a
涍	a
销	i
崤	i
蟏	i
萧	i
翛	i
肖	i
削	i
逍	i
小	i
效	o
啸	o
晓	o
宵	o
恔	o
咲	o
敩	o
嚣	o
哮	o
哓	o
鸮	o
笑	u
枭	u
虓	u
猇	u
魈	u
皛	u
孝	u
箫	u
筱	u
篠	u
霄	v
枵	v
硝	v
泄	a
缬	a
绁	a
瀣	a
𠙶	a
泻	a
勰	a
澥	a
屑	a
渫	a
沤	a
斜	i
蝎	i
偶	i
薢	i
藕	i
薤	i
携	i
撷	i
揳	i
偕	i
偰	i
㙦	i
写	o
谢	o
谐	o
讴	o
歇	o
躞	o
懈	o
怄	o
叶	o
熰	o
呕	o
燮	o
亵	o
廨	o
协	u
胁	u
蟹	u
邂	u
獬	u
血	u
卸	u
欧	v
邪	v
榍	v
鞋	v
殴	v
榭	v
鸥	v
瓯	v
械	v
絜	v
耦	v
𤫉	v
楔	v
阿	a
娥	a
婀	a
姶	a
涐	a
屙	a
俄	i
蛾	i
崿	i
峨	i
萼	i
莪	i
苊	i
锷	i
锇	i
扼	i
呃	o
讹	o
谔	o
遏	o
阏	o
愕	o
鄂	o
鹗	o
颚	o
额	o
哦	o
饿	u
鳄	u
腭	u
鹅	u
轭	v
噩	v
垩	v
堨	v
厄	v
𥔲	v
按	i
岸	i
黯	i
铵	i
盦	i
揞	i
俺	i
案	o
谙	o
暗	o
安	o
庵	o
唵	o
氨	u
𩽾	u
胺	u
鞍	v
桉	v
垵	v
埯	v
鹌	v
姓	a
骍	a
陉	a
婞	a
荥	i
荇	i
铏	i
钘	i
擤	i
性	o
星	o
兴	o
惺	o
悻	o
煋	o
腥	u
猩	u
形	v
醒	v
幸	v
杏	v
硎	v
型	v
邢	v
刑	v
瑆	v
隘	a
欸	a
嫒	a
艾	i
薛	i
蔼	i
茓	i
锿	i
挨	i
踅	i
捱	i
哀	o
唉	o
谑	o
哎	o
暧	o
穴	o
泶	o
学	o
峃	o
嗌	o
嗳	o
癌	o
爱	u
鳕	u
皑	u
矮	u
雪	v
靴	v
埃	v
毐	v
霭	v
碍	v
砹	v
瑷	v
叆	v
洱	a
陑	a
铒	i
峏	i
咡	o
儿	u
尔	u
迩	u
饵	u
鲕	u
耳	v
鸸	v
而	v
耏	v
贰	v
二	v
珥	v
戏	a
细	a
绤	a
隙	a
隰	a
习	a
枲	a
洗	a
汐	a
潟	a
溪	a
浠	a
媳	a
嬉	a
犀	a
屃	a
淅	a
屣	a
锡	i
螅	i
嶍	i
酅	i
巇	i
蟋	i
睎	i
蜥	i
葸	i
蓰	i
菥	i
铣	i
傒	i
俙	i
翕	i
僖	i
席	o
禧	o
䜣	o
禊	o
晰	o
曦	o
阋	o
晞	o
暿	o
惜	o
穸	o
窸	o
恓	o
吸	o
熻	o
唏	o
爔	o
熄	o
烯	o
羲	o
粞	o
嘻	o
𠅤	o
夕	u
鳛	u
觿	u
饻	u
饩	u
玺	u
息	u
舄	u
鼷	u
希	u
奚	u
郗	u
郤	u
悉	u
欷	u
谿	u
兮	u
徙	u
肸	u
舾	u
稀	u
膝	u
牺	u
喜	v
樨	v
昔	v
西	v
觋	v
熙	v
醯	v
熹	v
憙	v
囍	v
析	v
檄	v
袭	v
皙	v
矽	v
豨	v
硒	v
续	a
绪	a
湑	a
胥	a
溆	a
矞	a
婿	a
絮	a
洫	a
虚	i
勖	i
冔	i
盱	i
蓄	i
蓿	i
叙	i
诩	o
谞	o
煦	o
昫	o
旴	o
恤	o
噢	o
糈	o
呴	o
序	o
吁	o
须	u
旭	u
魆	u
徐	u
媭	u
需	v
栩	v
酗	v
醑	v
墟	v
垿	v
戌	v
顼	v
珝	v
线	a
缐	a
限	a
险	a
陷	a
嫌	a
涎	a
孅	a
娴	a
弦	a
县	i
岘	i
蚬	i
崄	i
盷	i
仙	i
贤	i
苋	i
藓	i
锨	i
伭	i
掀	i
挦	i
显	o
禒	o
祆	o
闲	o
㬎	o
暹	o
跹	o
鹇	o
跣	o
宪	o
忺	o
羡	o
籼	o
痫	o
冼	o
鲜	u
馅	u
猃	u
狝	u
𤞤	u
献	u
腺	u
衔	u
舷	u
氙	u
筅	u
先	u
现	v
酰	v
霰	v
咸	v
燹	v
摁	i
恩	i
蒽	i
嗯	o
盎	i
昂	o
肮	u
绣	a
滫	a
溴	a
休	i
岫	i
䗛	i
脩	i
修	i
锈	i
鸺	i
羞	o
袖	o
咻	o
嗅	o
庥	o
秀	u
馐	u
貅	u
朽	v
髹	v
琇	v
珛	v
遐	a
侠	i
翈	i
瞎	i
峡	i
黠	i
锕	i
啊	o
暇	o
呷	o
吖	o
狭	u
狎	u
罅	u
腌	u
夏	v
辖	v
匣	v
柙	v
下	v
霞	v
硖	v
瑕	v
渲	a
绚	a
漩	a
泫	a
悬	i
眩	i
翾	i
萱	i
儇	i
铉	i
镟	i
揎	i
宣	o
谖	o
禤	o
暄	o
昡	o
暅	o
暶	o
晅	o
喧	o
吅	o
愃	o
炫	o
煊	o
烜	o
旋	o
玄	o
痃	o
咺	o
癣	o
衒	u
选	u
璇	v
轩	v
楦	v
碹	v
瑄	v
璿	v
玹	v
琄	v
巡	a
驯	a
汛	a
浔	a
逊	a
洵	a
迅	a
巽	a
寻	a
薰	i
峋	i
荀	i
蕈	i
训	o
讯	o
勋	o
诶	o
询	o
噀	o
曛	o
恂	o
窨	o
循	u
旬	u
鲟	u
獯	u
徇	u
熏	u
殉	v
醺	v
埙	v
栒	v
珣	v
乡	a
飨	a
骧	a
缃	a
湘	a
像	i
蟓	i
芗	i
葙	i
镶	i
响	o
详	o
祥	o
翔	o
鲞	o
享	o
襄	o
庠	o
向	u
象	u
饷	u
香	u
箱	u
相	v
项	v
想	v
厢	v
橡	v
珦	v
瓖	v
汹	a
熊	a
芎	i
兄	o
讻	o
诇	o
胸	u
匈	u
夐	u
凶	u
雄	v
澳	a
隩	a
媪	a
傲	i
袄	o
懊	o
嗷	o
鏖	o
廒	o
翱	u
奥	u
岙	u
熬	v
坳	v
奡	v
鳌	v
骜	v
鏊	v
嶅	v
螯	v
遨	v
敖	v
獒	v
聱	v
璈	v
引	a
骃	a
阴	a
洇	a
隐	a
淫	a
姻	a
溵	a
尹	a
银	i
蚓	i
崟	i
蟫	i
因	i
荫	i
茵	i
茚	i
铟	i
龂	i
音	o
吲	o
冘	o
禋	o
吟	o
訚	o
寅	o
愔	o
喑	o
嚚	o
瘾	o
印	u
饮	u
胤	u
夤	u
狺	u
䲟	u
殷	u
氤	u
垠	v
鄞	v
堙	v
霪	v
慭	v
珢	v
又	a
幼	a
油	a
浟	a
游	a
由	i
邮	i
幽	i
蚴	i
黝	i
蚰	i
蝣	i
囿	i
悠	i
莜	i
攸	i
莸	i
莠	i
铀	i
铕	i
优	i
卣	i
佑	i
侑	i
忧	o
诱	o
呦	o
祐	o
宥	o
猷	o
羑	o
疣	o
麀	o
犹	u
鱿	u
鲉	u
牖	u
鼬	u
釉	u
右	v
酉	v
柚	v
友	v
尤	v
尢	v
有	v
槱	v
耰	v
液	a
也	a
业	i
野	i
曳	i
邺	i
铘	i
掖	i
揶	i
倻	i
夜	o
谒	o
吔	o
咽	o
晔	o
烨	o
冶	o
噎	o
爷	u
馌	u
腋	u
页	v
耶	v
靥	v
椰	v
沿	a
验	a
沇	a
渰	a
演	a
妍	a
嫣	a
嬿	a
淹	a
湮	a
漹	a
滟	a
岩	i
蜒	i
觃	i
眼	i
罨	i
蝘	i
崦	i
菸	i
芫	i
掩	i
俨	i
虤	i
偃	i
弇	i
甗	i
言	o
谚	o
扊	o
谳	o
晏	o
阎	o
阉	o
闫	o
宴	o
唁	o
戭	o
恹	o
烟	o
炎	o
焱	o
焰	o
颜	o
彦	o
烻	o
兖	o
延	u
胭	u
鼹	u
衍	u
筵	u
研	v
严	v
鄢	v
燕	v
歅	v
焉	v
酽	v
盐	v
郾	v
棪	v
堰	v
墕	v
厌	v
檐	v
赝	v
雁	v
砚	v
奄	v
厣	v
黡	v
餍	v
魇	v
䶮	v
艳	v
琰	v
盈	a
缨	a
瀴	a
滢	a
潆	a
溁	a
婴	a
鹦	a
罂	a
瀛	a
媖	a
英	i
蝇	i
营	i
萦	i
萤	i
蓥	i
荧	i
莺	i
䓨	i
莹	i
茔	i
锳	i
撄	i
影	o
嘤	o
映	o
赢	o
郢	o
瘿	o
嬴	o
应	o
鹰	o
膺	o
迎	u
颖	u
颍	u
媵	u
硬	v
樱	v
楹	v
瑛	v
璎	v
约	a
瀹	a
钥	i
钺	i
龠	i
阅	o
跃	o
哕	o
曰	o
悦	o
爚	o
岳	u
刖	u
粤	u
月	u
籥	u
越	v
戉	v
玥	v
樾	v
已	a
乙	a
驿	a
绎	a
缢	a
彝	a
洢	a
潩	a
矣	a
贻	a
浥	a
翼	a
以	a
翌	a
溢	a
羿	a
姨	a
漪	a
沂	a
嫕	a
异	a
依	i
亿	i
峄	i
蜴	i
佁	i
蚁	i
螠	i
屹	i
嶷	i
黟	i
伊	i
艺	i
苡	i
薏	i
仪	i
钇	i
铱	i
镒	i
镱	i
㑊	i
抑	i
揖	i
挹	i
佾	i
倚	i
亦	o
议	o
译	o
邑	o
谊	o
扆	o
诣	o
扅	o
祎	o
易	o
咿	o
呓	o
宜	o
忆	o
怡	o
怿	o
悒	o
噫	o
宧	o
义	o
熠	o
益	o
燚	o
衣	o
咦	o
翊	o
裔	o
廙	o
意	o
裛	o
癔	o
毅	o
疫	o
旖	o
弈	o
痍	o
瘗	o
奕	o
逸	u
肄	u
饴	u
猗	u
劓	u
臆	u
刈	u
乂	u
鹢	u
役	u
舣	u
移	u
胰	u
迤	u
簃	u
医	v
夷	v
匜	v
弋	v
轶	v
颐	v
酏	v
勚	v
壹	v
圯	v
懿	v
埸	v
鹝	v
椸	v
翳	v
繄	v
枍	v
殪	v
一	v
杙	v
椅	v
预	a
驭	a
滪	a
潏	a
纡	a
隅	a
隃	a
渝	a
予	a
羽	a
遹	a
豫	a
鹬	a
淤	a
淯	a
浴	a
渔	a
妤	a
娱	a
妪	a
鬻	a
㳚	a
聿	a
余	i
遇	i
嵛	i
嵎	i
髃	i
蝓	i
愚	i
峪	i
屿	i
圄	i
圉	i
蜮	i
禺	i
芋	i
蓣	i
萸	i
薁	i
钰	i
俣	i
揄	i
愈	i
觎	i
逾	i
悆	i
虞	i
俞	i
伛	i
龉	i
语	o
裕	o
哟	o
谕	o
褕	o
谀	o
喻	o
喁	o
昱	o
阈	o
寓	o
愉	o
窬	o
誉	o
窳	o
宇	o
唷	o
煜	o
燏	o
燠	o
育	o
瘀	o
庾	o
瘐	o
鱼	u
狱	u
馀	u
狳	u
㺄	u
饫	u
舆	u
禹	u
鄅	u
臾	u
舁	u
欲	u
鹆	u
御	u
腴	u
艅	u
竽	u
毓	u
于	v
欤	v
与	v
雨	v
敔	v
榆	v
域	v
堉	v
圫	v
雩	v
彧	v
郁	v
玉	v
邘	v
瑜	v
盂	v
迂	v
棫	v
瑀	v
玙	v
洋	a
阳	a
泱	a
漾	a
扬	i
央	i
蛘	i
鸯	i
佯	i
钖	i
仰	i
养	o
旸	o
咉	o
怏	o
羊	o
炀	o
恙	o
羕	o
烊	o
痒	o
疡	o
氧	u
卬	u
飏	u
徉	u
秧	u
杨	v
鞅	v
垟	v
样	v
殃	v
涯	a
娅	a
押	i
鸭	i
崖	i
岈	i
蚜	i
睚	i
芽	i
蕥	i
揠	i
伢	i
呀	o
讶	o
丫	o
哑	o
痖	o
衙	u
猰	u
氩	u
牙	v
雅	v
迓	v
鸦	v
亚	v
垭	v
堐	v
砑	v
压	v
桠	v
枒	v
琊	v
玡	v
院	a
缘	a
贠	a
渊	a
湲	a
媛	a
嫄	a
源	a
沅	a
园	i
圆	i
蜎	i
螈	i
苑	i
薳	i
援	i
掾	i
员	o
冤	o
鹓	o
羱	o
怨	u
猿	u
眢	u
鸳	u
爰	u
箢	u
原	v
辕	v
橼	v
鸢	v
袁	v
垣	v
塬	v
愿	v
远	v
鼋	v
瑗	v
元	v
允	a
纭	a
缊	a
陨	a
涢	a
孕	a
妘	a
熨	a
沄	a
蕴	i
芸	i
蕰	i
晕	o
郧	o
郓	o
昀	o
愠	o
恽	o
煴	o
韵	o
赟	o
匀	u
狁	u
氲	u
筼	u
馧	u
运	v
酝	v
鋆	v
殒	v
耘	v
云	v
勇	a
邕	a
泳	a
甬	a
恿	a
澭	a
拥	i
蛹	i
俑	i
颙	i
镛	i
佣	i
永	o
踊	o
咏	o
慵	o
㶲	o
庸	o
雍	o
鄘	o
饔	o
痈	o
壅	o
臃	u
鳙	u
鲬	u
用	u
墉	v
栐	v
埇	v
妖	a
幺	a
滧	a
姚	a
媱	a
药	i
崾	i
峣	i
耀	i
摇	i
咬	o
谣	o
吆	o
曜	o
窑	o
窈	o
窅	o
腰	u
鳐	u
猺	u
邀	u
遥	u
舀	u
鹞	u
爻	u
肴	u
徭	u
夭	u
瑶	v
尧	v
轺	v
靿	v
要	v
杳	v
垚	v
㙘	v
珧	v
罪	i
蕞	i
觜	i
嘴	o
最	o
醉	v
槜	v
驺	a
陬	a
揍	i
诹	o
邹	u
鲰	u
奏	v
鄹	v
走	v
泽	a
则	a
帻	i
昃	o
啧	o
舴	u
迮	u
笮	u
箦	u
责	v
赜	v
仄	v
拶	i
咱	o
寁	o
糌	o
赞	u
昝	u
簪	u
暂	v
錾	v
趱	v
瓒	v
甾	a
仔	i
崽	i
灾	o
宰	o
载	u
栽	u
哉	u
再	v
在	v
阻	a
组	a
俎	i
崒	i
菹	i
镞	i
足	o
祖	o
诅	o
族	o
租	u
珇	v
子	a
淄	a
缁	a
孜	a
滋	a
滓	a
姊	a
渍	a
紫	i
虸	i
眦	i
嵫	i
锱	i
镃	i
龇	i
赀	i
訾	i
资	o
谘	o
嗞	o
字	o
孳	o
籽	o
姿	o
咨	o
恣	o
粢	o
自	u
鲻	u
笫	u
秭	u
梓	v
辎	v
髭	v
鄑	v
鼒	v
趑	v
耔	v
阼	a
作	i
岞	i
坐	i
做	i
捽	i
佐	i
座	o
祚	o
昨	o
唑	o
胙	u
左	v
柞	v
谮	o
怎	u
赃	a
驵	a
牂	a
葬	i
脏	u
赠	a
缯	a
综	a
锃	i
罾	i
憎	o
甑	o
鄫	o
䎖	o
矰	u
增	v
咂	o
杂	u
臜	u
砸	v
匝	v
缵	a
钻	i
攥	i
躜	o
纂	u
贼	a
撙	i
嶟	i
僔	i
𨱔	i
尊	o
噂	o
遵	o
鳟	u
鲗	u
樽	v
纵	a
偬	i
倧	i
宗	o
踪	o
粽	o
总	o
疭	o
腙	u
棕	v
鬃	v
鬷	v
澡	a
蚤	a
藻	i
凿	i
糟	o
躁	o
早	o
噪	o
慥	o
灶	o
唣	o
造	u
皂	u
簉	u
遭	v
枣	v
𥖨	v
璪	v
猋	v
嫑	v
猋	v
兡	k
誧	o
𬷕	v
𬷕	v
夶	v
夶	v
𬭛	i
𬭛	i
𫚖	i
𫚖	i
壿	v
壿	v
瑽	v
弔	a
𫶇	i
𫶇	i
𬘘	a
𬘘	a
𫢸	i
𫢸	i
呾	o
𬊤	o
𬊤	o
𬭊	i
𬭊	i
𬱖	i
𬤊	o
𬍡	a
𬍡	a
𫟼	i
𫟼	i
呾	o
墫	v
墫	v
𬟽	i
𪨶	i
𪨶	i
𫮃	v
𬬸	i
𬬸	i
兙	k
𬤊	o
𫚕	u
𬳽	a
𬳽	a
𬬹	i
𬬹	i
𫔍	i
𫔍	i
𬸪	u
𬸪	u
蝜蝂	b
蝜	i
𫓧	i
𫓧	i
𫖯	u
𫄨	a
蹠	o
㩼	u
𬃊	v
𬸦	o
𬸦	o
𮝷	v
𮝷	v
甴	i
𬬿	i
𬬿	i
𬶐	u
𬶐	u
佮	i
𬕂	u
𬮿	a
𬮿	a
巭	v
巭	v
𬇹	a
𬇹	a
菓	i
菓	i
㹴	u
㹴	u
𬒔	v
𬒔	v
兝	f
𬕂	u
𬕂	u
𬤝	o
𬭤	i
𬭤	i
𬌗	v
𬌗	v
𬴃	a
𬴃	a
𬣳	o
𬣳	o
椛	v
𬘫	a
𬘫	a
𬭶	i
𬭶	i
𫟹	i
𬭎	i
𬭎	i
𫟹	i
兞	k
䜰	u
𬬱	i
苂	i
𬊤	o
𬊤	o
丼	v
𫘝	a
𫘝	a
𫔎	i
𬺓	i
𬺓	i
𬯀	a
𬯀	a
𬶨	a
𫓯	i
𫓹	i
𫓯	i
𫚖	i
𫚖	i
𫌀	o
𬶭	u
檵	v
𪟝	v
𪟝	v
𬶋	u
𬶋	u
𬣡	o
𬘭	a
𬘭	a
𬬮	i
嗧	l
𬂩	v
𫓶	i
奆	v
𫖳	a
𫖳	a
𬭚	i
𬭚	i
𬳶	a
𬳶	a
𫠆	u
𫠆	u
𫸩	a
𫸩	a
𫛭	u
𫛭	u
𬘭	a
𬴊	a
𬴊	a
𬘭	a
𬭸	i
𬭸	i
𪤗	v
𪤗	v
𫚭	u
𫚭	u
𪣻	v
𪣻	v
𬒗	v
𬒗	v
𫵷	i
𫘧	a
𫘧	a
𬬻	i
𬬻	i
𫵷	i
兣	k
糎	m
𬍛	v
𬶠	u
𬶠	u
瑠	v
𬶟	u
𬶟	u
𬬭	i
𬬭	i
𫭢	v
𫭢	v
𫟅	a
𫟅	a
𬜯	i
𬜯	i
𬕂	u
𬕂	u
䜮	u
𫭼	v
𫭼	v
𬇕	a
𬇕	a
𬜬	i
𬜬	i
鿏	i
鿏	i
𬭁	i
𬭁	i
𬙊	a
𬙊	a
尛	i
𫞩	v
𫞩	v
𫑡	o
𫑡	o
槑	o
槑	o
冇	v
𫔶	o
𫔶	o
𫠜	i
𫠜	i
𫐐	v
𫐐	v
鲶	u
挊	i
挊	i
𬪩	v
𬪩	v
𬞟	i
𬞟	i
𬭯	i
𬭯	i
𬳵	a
𬳵	a
蚍	i
𬇙	a
𬇙	a
骹	i
𫗴	u
𫗴	u
𬘬	a
𬘬	a
𬒈	o
礐	u
𬣞	o
𬣞	o
𬮿	a
𬮿	a
炁	v
炁	v
𬨂	v
𬨂	v
𪨰	i
𬘬	a
𬘬	a
兛	k
粁	m
瓩	w
姫	a
姫	a
𬘬	a
𬘬	a
𬘯	a
𬘯	a
𬬿	i
𬬿	i
𬶐	u
𬶐	u
𫐓	v
𫐓	v
叒	a
叒	a
𬭼	i
𬭼	i
𫟦	v
𫟦	v
𫗧	u
亖	v
亖	v
惢	o
𪨊	a
𪨊	a
𬯎	a
𬯎	a
𬘩	a
𬘩	a
𡘙	v
𡘙	v
𬳿	a
𬳿	a
𫘨	a
薙	i
薙	i
鼍	o
鼍	o
𬶍	u
𬶍	u
祂	o
𫍣	o
𫍣	o
𫘦	a
𬘫	a
𬘫	a
卍	a
𬇕	a
𬇕	a
卐	a
喎	o
𫄨	a
𫄨	a
翄	a
翄	a
𫘜	a
𫘜	a
𬭩	i
𬭩	i
𫇭	i
𫇭	i
𬭬	i
𬭬	i
𬀩	o
𬶏	u
𬶏	u
𬱟	u
𫷷	o
𫷷	o
枔	v
𫍲	o
𫍲	o
敩	o
敩	o
𬹼	i
𬹼	i
𬉼	o
𬉼	o
𫭟	v
𫭟	v
𫫇	o
𫫇	o
𫰛	a
𫰛	a
𬮿	a
𬮿	a
𫘬	a
𫘬	a
𬭳	i
𬭳	i
𬶮	u
卌	v
𬣙	o
𬣙	o
𫄧	a
𪾢	i
𫍯	o
𬀪	o
𬀪	o
𬸣	o
𫠊	a
𫠊	a
𫓶	i
𫍽	o
譞	o
譞	o
𬘓	a
𫄸	a
𬩽	a
𬩽	a
𬊈	o
𬊈	o
𬍤	v
𬍤	v
𬙋	a
𬘡	a
𬘡	a
苂	i
𬤇	o
𬮱	o
𬮱	o
烎	v
甴	i
甴	i
𬨎	v
𬨎	v
嘢	o
鵺	o
𬙂	a
𫄧	a
𫄧	a
𪩘	i
昖	o
喦	o
𬸘	v
桜	v
桜	v
曱	i
曱	i
𬸚	u
𬸚	u
𫐄	v
𫐄	v
𫄷	a
𫖮	i
𬟁	i
𬬩	i
𬺈	i
𬺈	i
弌	v
犽	u
𫘪	a
𫘪	a
円	i
橒	v
垚	v
囃	o
墫	v
墫	v
鞥	v
𭎂	v
𭎂	v
塁	i
鱀	a
忈	v
畊	i
気	u