{
  "name": "Traditional Chinese (Hong Kong standard) to Simplified Chinese",
  "segmentation": {
    "type": "mmseg",
    "dict": {
      "type": "text",
      "file": "TSPhrases.txt"
    }
  },
  "conversion_chain": [{
    "dict": {
      "type": "group",
      "dicts": [{
        "type": "text",
        "file": "HKVariantsRevPhrases.txt"
      }, {
        "type": "text",
        "file": "HKVariantsRev.txt"
      }] 
    }
  }, {
    "dict": {
      "type": "group",
      "dicts": [{
        "type": "text",
        "file": "TSPhrases.txt"
      }, {
        "type": "text",
        "file": "TSCharacters.txt"
      }]
    }
  }]
}
