{
  "name": "Traditional Chinese (Taiwan standard) to Simplified Chinese (with phrases)",
  "segmentation": {
    "type": "mmseg",
    "dict": {
      "type": "text",
      "file": "TSPhrases.txt"
    }
  },
  "conversion_chain": [{
    "dict": {
      "type": "group",
      "dicts": [{
        "type": "text",
        "file": "TWVariantsRevPhrases.txt"
      }, {
        "type": "text",
        "file": "TWVariantsRev.txt"
      }] 
    }
  }, {
    "dict": {
      "type": "text",
      "file": "TWPhrasesRev.txt"
    }
  }, {
    "dict": {
      "type": "group",
      "dicts": [{
        "type": "text",
        "file": "TSPhrases.txt"
      }, {
        "type": "text",
        "file": "TSCharacters.txt"
      }]
    }
  }]
}
